,bed,bath,sqft,type,laundry,parking,cats,dogs,furnished,nosmoke,wheelchair,img,words,link
https://sfbay.craigslist.org/nby/apa/d/1-1-cottage-cazadero/6559540887.html,1BR,1Ba,620ft2,cottage/cabin,0,2,0,0,0,1,0,9,98,https://sfbay.craigslist.org/nby/apa/d/1-1-cottage-cazadero/6559540887.html
https://sfbay.craigslist.org/nby/apa/d/1-1-new-ss-kitchen-near/6569210694.html,1BR,1Ba,708ft2,apartment,5,4,1,1,1,0,0,9,171,https://sfbay.craigslist.org/nby/apa/d/1-1-new-ss-kitchen-near/6569210694.html
https://sfbay.craigslist.org/nby/apa/d/1-bed-1-bath-carpeting/6565075375.html,1BR,1Ba,690ft2,apartment,2,2,1,1,0,1,0,9,170,https://sfbay.craigslist.org/nby/apa/d/1-bed-1-bath-carpeting/6565075375.html
https://sfbay.craigslist.org/nby/apa/d/1-bed-1-bath-custom-light/6569251361.html,1BR,1Ba,689ft2,apartment,5,6,1,0,0,0,0,6,167,https://sfbay.craigslist.org/nby/apa/d/1-bed-1-bath-custom-light/6569251361.html
https://sfbay.craigslist.org/nby/apa/d/1-bed-1-bath-laundry-facility/6567018060.html,1BR,1Ba,690ft2,apartment,2,2,1,1,0,1,0,9,249,https://sfbay.craigslist.org/nby/apa/d/1-bed-1-bath-laundry-facility/6567018060.html
https://sfbay.craigslist.org/nby/apa/d/1-bedroom-1-bath-will-not/6569212136.html,1BR,1Ba,670ft2,apartment,2,4,1,1,0,1,0,4,135,https://sfbay.craigslist.org/nby/apa/d/1-bedroom-1-bath-will-not/6569212136.html
https://sfbay.craigslist.org/nby/apa/d/1-bedroom-garage-beautiful/6569129666.html,1BR,1Ba,628ft2,apartment,5,5,1,1,0,0,0,16,186,https://sfbay.craigslist.org/nby/apa/d/1-bedroom-garage-beautiful/6569129666.html
https://sfbay.craigslist.org/nby/apa/d/1-bedroom-in-penngrove/6565037659.html,1BR,1Ba,available apr 18,manufactured,2,2,0,0,0,1,0,6,108,https://sfbay.craigslist.org/nby/apa/d/1-bedroom-in-penngrove/6565037659.html
https://sfbay.craigslist.org/nby/apa/d/1028-county-club-drive/6553598730.html,3BR,2Ba,1960ft2,house,3,6,0,0,0,1,0,23,248,https://sfbay.craigslist.org/nby/apa/d/1028-county-club-drive/6553598730.html
https://sfbay.craigslist.org/nby/apa/d/1043-barrow-lane-gated-5-acre/6569170387.html,4BR,3Ba,3234ft2,house,0,6,0,0,0,0,0,23,198,https://sfbay.craigslist.org/nby/apa/d/1043-barrow-lane-gated-5-acre/6569170387.html
https://sfbay.craigslist.org/nby/apa/d/1058-conifer-lane/6546390911.html,3BR,1Ba,960ft2,house,3,6,0,0,0,1,0,13,109,https://sfbay.craigslist.org/nby/apa/d/1058-conifer-lane/6546390911.html
https://sfbay.craigslist.org/nby/apa/d/151-east-agua-caliente-road/6560495675.html,3BR,1.5Ba,1315ft2,house,5,0,1,1,0,1,0,21,215,https://sfbay.craigslist.org/nby/apa/d/151-east-agua-caliente-road/6560495675.html
https://sfbay.craigslist.org/nby/apa/d/1659a-allyn-st-helena/6543564007.html,0BR,1Ba,available mar 16,apartment,0,2,0,0,0,0,0,6,187,https://sfbay.craigslist.org/nby/apa/d/1659a-allyn-st-helena/6543564007.html
https://sfbay.craigslist.org/nby/apa/d/17387-hillcrest-avenue/6558503472.html,1BR,1Ba,available may 1,duplex,5,0,0,0,0,1,0,8,150,https://sfbay.craigslist.org/nby/apa/d/17387-hillcrest-avenue/6558503472.html
https://sfbay.craigslist.org/nby/apa/d/1x1-available-now-roomy/6560518185.html,1BR,1Ba,880ft2,apartment,5,4,1,1,0,1,0,11,273,https://sfbay.craigslist.org/nby/apa/d/1x1-available-now-roomy/6560518185.html
https://sfbay.craigslist.org/nby/apa/d/1x1-first-floor-in-rincon/6546440739.html,1BR,1Ba,600ft2,apartment,2,2,1,1,0,1,0,11,219,https://sfbay.craigslist.org/nby/apa/d/1x1-first-floor-in-rincon/6546440739.html
https://sfbay.craigslist.org/nby/apa/d/2-1-renovated-apartment-with/6569446323.html,2BR,2Ba,898ft2,apartment,5,4,1,1,0,1,0,11,185,https://sfbay.craigslist.org/nby/apa/d/2-1-renovated-apartment-with/6569446323.html
https://sfbay.craigslist.org/nby/apa/d/2-2-newly-finished-townhome/6569378179.html,2BR,2Ba,1096ft2,apartment,5,4,1,1,0,1,0,12,183,https://sfbay.craigslist.org/nby/apa/d/2-2-newly-finished-townhome/6569378179.html
https://sfbay.craigslist.org/nby/apa/d/2-bd-2-ba-santa-rosa-life-is/6557488495.html,2BR,2Ba,984ft2,condo,5,5,0,0,0,1,0,16,108,https://sfbay.craigslist.org/nby/apa/d/2-bd-2-ba-santa-rosa-life-is/6557488495.html
https://sfbay.craigslist.org/nby/apa/d/2-bed-1-bath-freeway/6564578988.html,2BR,1Ba,870ft2,apartment,2,2,1,1,0,1,0,9,249,https://sfbay.craigslist.org/nby/apa/d/2-bed-1-bath-freeway/6564578988.html
https://sfbay.craigslist.org/nby/apa/d/2-bed-1-bath-laundry-facility/6569179747.html,2BR,1Ba,870ft2,apartment,2,2,1,1,0,1,0,9,247,https://sfbay.craigslist.org/nby/apa/d/2-bed-1-bath-laundry-facility/6569179747.html
https://sfbay.craigslist.org/nby/apa/d/2-bed-1bath-duplex-in/6558744902.html,2BR,1Ba,available apr 11,apartment,3,2,0,0,0,0,0,6,27,https://sfbay.craigslist.org/nby/apa/d/2-bed-1bath-duplex-in/6558744902.html
https://sfbay.craigslist.org/nby/apa/d/2-bed-25-bath-at-brand-new/6565078752.html,2BR,2.5Ba,available mar 5,townhouse,5,4,0,0,0,1,0,11,376,https://sfbay.craigslist.org/nby/apa/d/2-bed-25-bath-at-brand-new/6565078752.html
https://sfbay.craigslist.org/nby/apa/d/2-bedroom-1-bathroom-townhome/6569348830.html,2BR,1Ba,available may 14,townhouse,5,4,0,0,0,1,0,16,409,https://sfbay.craigslist.org/nby/apa/d/2-bedroom-1-bathroom-townhome/6569348830.html
https://sfbay.craigslist.org/nby/apa/d/2-bedroom-2-bath-tiburon/6562596399.html,2BR,2Ba,1100ft2,apartment,4,4,0,0,0,1,0,14,59,https://sfbay.craigslist.org/nby/apa/d/2-bedroom-2-bath-tiburon/6562596399.html
https://sfbay.craigslist.org/nby/apa/d/2-bedroom-condo-in-san-rafael/6563113831.html,2BR,2Ba,available apr 16,condo,5,0,0,0,0,0,0,6,60,https://sfbay.craigslist.org/nby/apa/d/2-bedroom-condo-in-san-rafael/6563113831.html
https://sfbay.craigslist.org/nby/apa/d/2-bedroom-home-views-of-san/6559074048.html,2BR,2.5Ba,available apr 12,house,0,0,0,0,0,0,0,5,88,https://sfbay.craigslist.org/nby/apa/d/2-bedroom-home-views-of-san/6559074048.html
https://sfbay.craigslist.org/nby/apa/d/2-bedroom-townhouse/6569371572.html,2BR,1.5Ba,1212ft2,townhouse,5,4,1,0,0,1,0,10,83,https://sfbay.craigslist.org/nby/apa/d/2-bedroom-townhouse/6569371572.html
https://sfbay.craigslist.org/nby/apa/d/2-bedroom-unit-near-downtown/6553037090.html,2BR,1Ba,available mar 5,apartment,2,2,0,0,0,1,0,4,244,https://sfbay.craigslist.org/nby/apa/d/2-bedroom-unit-near-downtown/6553037090.html
https://sfbay.craigslist.org/nby/apa/d/2150-beautiful-remodeled/6564249630.html,2BR,1.5Ba,1000ft2,townhouse,5,4,1,0,0,1,0,12,32,https://sfbay.craigslist.org/nby/apa/d/2150-beautiful-remodeled/6564249630.html
https://sfbay.craigslist.org/nby/apa/d/292-watertrough-road/6558094847.html,1BR,1Ba,600ft2,cottage/cabin,3,2,1,0,0,1,0,10,38,https://sfbay.craigslist.org/nby/apa/d/292-watertrough-road/6558094847.html
https://sfbay.craigslist.org/nby/apa/d/2bd-2ba-waterfront-world/6569369629.html,2BR,2Ba,1020ft2,apartment,5,4,1,1,0,1,0,9,104,https://sfbay.craigslist.org/nby/apa/d/2bd-2ba-waterfront-world/6569369629.html
https://sfbay.craigslist.org/nby/apa/d/2bd-central-napa-with-large/6562659545.html,2BR,1Ba,available mar 12,house,3,6,0,0,0,1,0,12,250,https://sfbay.craigslist.org/nby/apa/d/2bd-central-napa-with-large/6562659545.html
https://sfbay.craigslist.org/nby/apa/d/2br-apartment-for-rent-short/6565226404.html,2BR,1Ba,available sep 1,apartment,4,2,0,0,1,1,0,3,174,https://sfbay.craigslist.org/nby/apa/d/2br-apartment-for-rent-short/6565226404.html
https://sfbay.craigslist.org/nby/apa/d/2x1-end-unit-in-rincon-valley/6564748078.html,2BR,1Ba,750ft2,apartment,2,4,1,1,0,1,0,20,252,https://sfbay.craigslist.org/nby/apa/d/2x1-end-unit-in-rincon-valley/6564748078.html
https://sfbay.craigslist.org/nby/apa/d/3-1-house-with-huge-yard/6564869534.html,3BR,1Ba,1200ft2,house,5,6,0,1,0,1,0,5,173,https://sfbay.craigslist.org/nby/apa/d/3-1-house-with-huge-yard/6564869534.html
https://sfbay.craigslist.org/nby/apa/d/3-bdrm-1-bath-single-family/6558116461.html,3BR,1Ba,available may 1,house,5,6,0,0,0,1,0,4,88,https://sfbay.craigslist.org/nby/apa/d/3-bdrm-1-bath-single-family/6558116461.html
https://sfbay.craigslist.org/nby/apa/d/3-bdrm-2-bath-home-on-mount/6569290765.html,3BR,2Ba,available apr 1,house,0,0,0,0,0,0,0,11,138,https://sfbay.craigslist.org/nby/apa/d/3-bdrm-2-bath-home-on-mount/6569290765.html
https://sfbay.craigslist.org/nby/apa/d/3-bed-2-bath-home-for-rent-in/6560183570.html,3BR,2Ba,1440ft2,house,3,2,1,1,0,0,0,17,97,https://sfbay.craigslist.org/nby/apa/d/3-bed-2-bath-home-for-rent-in/6560183570.html
https://sfbay.craigslist.org/nby/apa/d/3-bed-2-bath-home-for-rent-in/6560203670.html,3BR,2Ba,1440ft2,house,3,2,1,1,0,0,0,17,98,https://sfbay.craigslist.org/nby/apa/d/3-bed-2-bath-home-for-rent-in/6560203670.html
https://sfbay.craigslist.org/nby/apa/d/3-bed-25-bath-newer-house-in/6568862616.html,3BR,2.5Ba,1479ft2,house,3,6,0,0,0,1,0,19,176,https://sfbay.craigslist.org/nby/apa/d/3-bed-25-bath-newer-house-in/6568862616.html
https://sfbay.craigslist.org/nby/apa/d/3-bedroom-2-bath-available/6564632679.html,3BR,2Ba,1440ft2,house,3,2,1,1,0,0,0,12,97,https://sfbay.craigslist.org/nby/apa/d/3-bedroom-2-bath-available/6564632679.html
https://sfbay.craigslist.org/nby/apa/d/3-bedrooms-25-bathrooms/6565594256.html,3BR,2.5Ba,available apr 19,house,5,6,0,0,0,1,0,24,349,https://sfbay.craigslist.org/nby/apa/d/3-bedrooms-25-bathrooms/6565594256.html
https://sfbay.craigslist.org/nby/apa/d/3-bedrooms-perfect-for-you/6569243691.html,3BR,2Ba,1400ft2,apartment,5,0,1,1,0,1,0,16,246,https://sfbay.craigslist.org/nby/apa/d/3-bedrooms-perfect-for-you/6569243691.html
https://sfbay.craigslist.org/nby/apa/d/3br-15ba-your-new-home-is/6560520713.html,3BR,1.5Ba,1200ft2,apartment,5,4,1,1,0,1,0,8,259,https://sfbay.craigslist.org/nby/apa/d/3br-15ba-your-new-home-is/6560520713.html
https://sfbay.craigslist.org/nby/apa/d/4-bd-3-ba-single-family-home/6546427878.html,4BR,3Ba,1850ft2,apartment,5,6,0,0,0,1,0,12,183,https://sfbay.craigslist.org/nby/apa/d/4-bd-3-ba-single-family-home/6546427878.html
https://sfbay.craigslist.org/nby/apa/d/4-bedrooms-plus-bonus-room-3/6569267493.html,4BR,3.5Ba,4323ft2,house,5,6,0,0,0,0,0,24,271,https://sfbay.craigslist.org/nby/apa/d/4-bedrooms-plus-bonus-room-3/6569267493.html
https://sfbay.craigslist.org/nby/apa/d/415-enterprise-drive/6557409654.html,2BR,1.5Ba,924ft2,condo,3,0,0,0,0,1,0,9,153,https://sfbay.craigslist.org/nby/apa/d/415-enterprise-drive/6557409654.html
https://sfbay.craigslist.org/nby/apa/d/5-bedroom-3-bathroom-house-in/6551166192.html,5BR,3Ba,2500ft2,apartment,3,6,1,1,0,0,1,4,38,https://sfbay.craigslist.org/nby/apa/d/5-bedroom-3-bathroom-house-in/6551166192.html
https://sfbay.craigslist.org/nby/apa/d/6-bedroom-3-full-bath-located/6564620033.html,6BR,3Ba,2430ft2,house,3,2,1,1,0,0,0,15,128,https://sfbay.craigslist.org/nby/apa/d/6-bedroom-3-full-bath-located/6564620033.html
https://sfbay.craigslist.org/nby/apa/d/6180-stoetz-lane/6569328299.html,2BR,2Ba,1600ft2,house,3,2,1,0,0,0,0,23,46,https://sfbay.craigslist.org/nby/apa/d/6180-stoetz-lane/6569328299.html
https://sfbay.craigslist.org/nby/apa/d/733-paula-lane/6550111121.html,1BR,1Ba,available apr 2,in-law,5,2,0,0,0,1,0,22,205,https://sfbay.craigslist.org/nby/apa/d/733-paula-lane/6550111121.html
https://sfbay.craigslist.org/nby/apa/d/8-hawthorne-court-unit/6563801898.html,2BR,1Ba,available apr 17,duplex,5,0,1,1,0,1,0,15,174,https://sfbay.craigslist.org/nby/apa/d/8-hawthorne-court-unit/6563801898.html
https://sfbay.craigslist.org/nby/apa/d/8032-carlsisle-way/6547301646.html,4BR,3Ba,2245ft2,house,5,6,0,0,0,1,0,24,136,https://sfbay.craigslist.org/nby/apa/d/8032-carlsisle-way/6547301646.html
https://sfbay.craigslist.org/nby/apa/d/8100-carlisle-way-3-bed-2/6569183771.html,3BR,2.5Ba,2026ft2,house,0,0,0,0,0,0,0,18,195,https://sfbay.craigslist.org/nby/apa/d/8100-carlisle-way-3-bed-2/6569183771.html
https://sfbay.craigslist.org/nby/apa/d/8690-nina-court/6564635630.html,3BR,2Ba,1260ft2,house,3,6,0,0,0,1,0,21,178,https://sfbay.craigslist.org/nby/apa/d/8690-nina-court/6564635630.html
https://sfbay.craigslist.org/nby/apa/d/absolutely-stunning-1600/6554020935.html,1BR,1Ba,1603ft2,house,3,2,0,0,0,0,0,24,133,https://sfbay.craigslist.org/nby/apa/d/absolutely-stunning-1600/6554020935.html
https://sfbay.craigslist.org/nby/apa/d/adorable-1br-1ba-home/6569389794.html,1BR,1Ba,616ft2,apartment,5,4,1,1,0,1,0,9,479,https://sfbay.craigslist.org/nby/apa/d/adorable-1br-1ba-home/6569389794.html
https://sfbay.craigslist.org/nby/apa/d/adorably-remodeled-1-bedroom/6564052796.html,1BR,1Ba,available apr 17,cottage/cabin,5,2,0,0,0,0,0,6,289,https://sfbay.craigslist.org/nby/apa/d/adorably-remodeled-1-bedroom/6564052796.html
https://sfbay.craigslist.org/nby/apa/d/amazing-1-bedroom-1-bath-with/6559270469.html,1BR,1Ba,600ft2,apartment,4,4,0,0,0,1,0,9,215,https://sfbay.craigslist.org/nby/apa/d/amazing-1-bedroom-1-bath-with/6559270469.html
https://sfbay.craigslist.org/nby/apa/d/amazing-1bd-1bth-wood-floors/6569487183.html,1BR,1Ba,810ft2,apartment,5,5,1,1,0,1,1,6,385,https://sfbay.craigslist.org/nby/apa/d/amazing-1bd-1bth-wood-floors/6569487183.html
https://sfbay.craigslist.org/nby/apa/d/amazing-view-2-bedroom-with/6569439771.html,2BR,1Ba,800ft2,apartment,5,6,0,0,0,0,0,10,92,https://sfbay.craigslist.org/nby/apa/d/amazing-view-2-bedroom-with/6569439771.html
https://sfbay.craigslist.org/nby/apa/d/amazing-views-2-bedrooms-1/6559310308.html,2BR,1Ba,800ft2,apartment,4,4,0,0,0,1,0,7,244,https://sfbay.craigslist.org/nby/apa/d/amazing-views-2-bedrooms-1/6559310308.html
https://sfbay.craigslist.org/nby/apa/d/amazing-views-sophisticated/6567009745.html,5BR,4Ba,4000ft2,house,4,2,0,1,1,1,0,24,490,https://sfbay.craigslist.org/nby/apa/d/amazing-views-sophisticated/6567009745.html
https://sfbay.craigslist.org/nby/apa/d/and-you-break-into-your-happy/6564834914.html,1BR,1Ba,695ft2,apartment,5,4,1,1,0,1,0,10,374,https://sfbay.craigslist.org/nby/apa/d/and-you-break-into-your-happy/6564834914.html
https://sfbay.craigslist.org/nby/apa/d/apartment-available-in/6567001705.html,1BR,1Ba,661ft2,apartment,2,3,1,1,0,1,1,8,129,https://sfbay.craigslist.org/nby/apa/d/apartment-available-in/6567001705.html
https://sfbay.craigslist.org/nby/apa/d/apartment-available-in/6569353075.html,2BR,1.5Ba,1028ft2,apartment,2,3,1,1,0,1,1,8,128,https://sfbay.craigslist.org/nby/apa/d/apartment-available-in/6569353075.html
https://sfbay.craigslist.org/nby/apa/d/apartment-for-rent-in/6565730044.html,0BR,1Ba,available mar 13,apartment,4,0,0,0,0,0,0,4,70,https://sfbay.craigslist.org/nby/apa/d/apartment-for-rent-in/6565730044.html
https://sfbay.craigslist.org/nby/apa/d/apartment/6564622786.html,2BR,1Ba,900ft2,apartment,0,4,0,0,0,1,0,9,96,https://sfbay.craigslist.org/nby/apa/d/apartment/6564622786.html
https://sfbay.craigslist.org/nby/apa/d/apartments-available-in/6566885362.html,2BR,1Ba,885ft2,apartment,2,3,1,1,0,1,1,9,129,https://sfbay.craigslist.org/nby/apa/d/apartments-available-in/6566885362.html
https://sfbay.craigslist.org/nby/apa/d/apartments-available-in/6569290023.html,2BR,1.5Ba,1028ft2,apartment,2,3,1,1,0,1,1,8,124,https://sfbay.craigslist.org/nby/apa/d/apartments-available-in/6569290023.html
https://sfbay.craigslist.org/nby/apa/d/apartments-available-in/6569320277.html,2BR,1.5Ba,1028ft2,apartment,2,3,1,1,0,1,1,8,124,https://sfbay.craigslist.org/nby/apa/d/apartments-available-in/6569320277.html
https://sfbay.craigslist.org/nby/apa/d/apartments-available-in/6569390786.html,2BR,1.5Ba,1028ft2,apartment,2,3,1,1,0,1,1,6,120,https://sfbay.craigslist.org/nby/apa/d/apartments-available-in/6569390786.html
https://sfbay.craigslist.org/nby/apa/d/apartments-in-petaluma-tennis/6565656628.html,2BR,1.5Ba,1028ft2,apartment,2,3,1,1,0,1,1,7,119,https://sfbay.craigslist.org/nby/apa/d/apartments-in-petaluma-tennis/6565656628.html
https://sfbay.craigslist.org/nby/apa/d/apartments-in-petaluma/6564027200.html,2BR,1.5Ba,1028ft2,apartment,2,3,1,1,0,1,1,7,131,https://sfbay.craigslist.org/nby/apa/d/apartments-in-petaluma/6564027200.html
https://sfbay.craigslist.org/nby/apa/d/apartments-in-petaluma/6564156070.html,2BR,1Ba,1028ft2,townhouse,5,3,1,1,0,1,1,9,124,https://sfbay.craigslist.org/nby/apa/d/apartments-in-petaluma/6564156070.html
https://sfbay.craigslist.org/nby/apa/d/apartments-in-petaluma/6565684305.html,2BR,1.5Ba,1028ft2,apartment,2,3,1,1,0,1,1,8,121,https://sfbay.craigslist.org/nby/apa/d/apartments-in-petaluma/6565684305.html
https://sfbay.craigslist.org/nby/apa/d/apartments-in-the-heart-of/6566920843.html,2BR,1.5Ba,1028ft2,apartment,2,3,1,1,0,1,1,8,120,https://sfbay.craigslist.org/nby/apa/d/apartments-in-the-heart-of/6566920843.html
https://sfbay.craigslist.org/nby/apa/d/apartments-in-the-middle-of/6569491735.html,2BR,1.5Ba,1028ft2,apartment,2,3,1,1,0,1,1,9,121,https://sfbay.craigslist.org/nby/apa/d/apartments-in-the-middle-of/6569491735.html
https://sfbay.craigslist.org/nby/apa/d/available-midmay2018-upstairs/6569260492.html,1BR,1Ba,available apr 23,apartment,5,4,1,1,0,1,0,9,330,https://sfbay.craigslist.org/nby/apa/d/available-midmay2018-upstairs/6569260492.html
https://sfbay.craigslist.org/nby/apa/d/available-now-bright-condo-in/6552026046.html,2BR,2Ba,available apr 4,condo,5,4,0,0,0,1,0,11,125,https://sfbay.craigslist.org/nby/apa/d/available-now-bright-condo-in/6552026046.html
https://sfbay.craigslist.org/nby/apa/d/available-now-spacious-4bed/6568871903.html,4BR,3Ba,2100ft2,house,5,6,0,0,0,1,1,22,243,https://sfbay.craigslist.org/nby/apa/d/available-now-spacious-4bed/6568871903.html
https://sfbay.craigslist.org/nby/apa/d/available-now-spacious-4bed/6568872155.html,4BR,3Ba,2100ft2,house,5,6,0,0,0,1,1,23,246,https://sfbay.craigslist.org/nby/apa/d/available-now-spacious-4bed/6568872155.html
https://sfbay.craigslist.org/nby/apa/d/available-today-renovated-2/6569332011.html,2BR,2Ba,available apr 23,apartment,2,4,1,1,0,1,0,21,227,https://sfbay.craigslist.org/nby/apa/d/available-today-renovated-2/6569332011.html
https://sfbay.craigslist.org/nby/apa/d/avaliable-now-up-stairs-unit/6564213396.html,1BR,1Ba,650ft2,apartment,2,4,1,0,0,0,0,4,71,https://sfbay.craigslist.org/nby/apa/d/avaliable-now-up-stairs-unit/6564213396.html
https://sfbay.craigslist.org/nby/apa/d/be-the-first-tenants-to-live/6558308443.html,2BR,1Ba,available apr 11,condo,5,6,0,0,0,0,0,11,146,https://sfbay.craigslist.org/nby/apa/d/be-the-first-tenants-to-live/6558308443.html
https://sfbay.craigslist.org/nby/apa/d/beautiful-1x1-2nd-floor-unit/6566095264.html,1BR,1Ba,663ft2,apartment,2,2,1,1,0,1,0,5,166,https://sfbay.craigslist.org/nby/apa/d/beautiful-1x1-2nd-floor-unit/6566095264.html
https://sfbay.craigslist.org/nby/apa/d/beautiful-apartments-in/6564645775.html,1BR,1Ba,661ft2,apartment,2,3,1,1,0,1,1,9,131,https://sfbay.craigslist.org/nby/apa/d/beautiful-apartments-in/6564645775.html
https://sfbay.craigslist.org/nby/apa/d/beautiful-condo-in-walking/6551856087.html,2BR,2Ba,980ft2,condo,5,4,0,0,0,1,0,12,146,https://sfbay.craigslist.org/nby/apa/d/beautiful-condo-in-walking/6551856087.html
https://sfbay.craigslist.org/nby/apa/d/beautiful-four-bedroom-north/6551994606.html,4BR,2Ba,2096ft2,house,3,6,0,0,0,0,0,22,150,https://sfbay.craigslist.org/nby/apa/d/beautiful-four-bedroom-north/6551994606.html
https://sfbay.craigslist.org/nby/apa/d/beautiful-home-in-newer/6552654445.html,4BR,3Ba,2500ft2,house,0,0,0,0,0,0,0,19,215,https://sfbay.craigslist.org/nby/apa/d/beautiful-home-in-newer/6552654445.html
https://sfbay.craigslist.org/nby/apa/d/beautiful-lake-views-with/6546280241.html,4BR,2Ba,available feb 21,house,5,5,0,0,0,1,0,19,263,https://sfbay.craigslist.org/nby/apa/d/beautiful-lake-views-with/6546280241.html
https://sfbay.craigslist.org/nby/apa/d/beautiful-open-format/6566849115.html,1BR,1Ba,440ft2,in-law,0,0,0,0,0,1,0,5,135,https://sfbay.craigslist.org/nby/apa/d/beautiful-open-format/6566849115.html
https://sfbay.craigslist.org/nby/apa/d/beautiful-petaluma-apartments/6564091767.html,1BR,1Ba,661ft2,apartment,2,3,1,1,0,1,1,9,123,https://sfbay.craigslist.org/nby/apa/d/beautiful-petaluma-apartments/6564091767.html
https://sfbay.craigslist.org/nby/apa/d/beautiful-townhome-2-bedroom/6569252141.html,2BR,1Ba,990ft2,townhouse,5,4,1,0,0,1,0,9,247,https://sfbay.craigslist.org/nby/apa/d/beautiful-townhome-2-bedroom/6569252141.html
https://sfbay.craigslist.org/nby/apa/d/beautiful-townhome-apartment/6559513361.html,2BR,1Ba,990ft2,townhouse,5,4,0,0,0,1,0,9,251,https://sfbay.craigslist.org/nby/apa/d/beautiful-townhome-apartment/6559513361.html
https://sfbay.craigslist.org/nby/apa/d/beautifully-appointed-1x1/6569201010.html,1BR,1Ba,available may 17,apartment,0,0,0,0,0,0,0,6,234,https://sfbay.craigslist.org/nby/apa/d/beautifully-appointed-1x1/6569201010.html
https://sfbay.craigslist.org/nby/apa/d/beautifully-furnished-3/6551935530.html,3BR,2.5Ba,1553ft2,townhouse,5,6,0,1,1,1,0,21,189,https://sfbay.craigslist.org/nby/apa/d/beautifully-furnished-3/6551935530.html
https://sfbay.craigslist.org/nby/apa/d/bennett-valley/6566839360.html,2BR,1Ba,1050ft2,apartment,2,4,1,0,0,1,0,8,94,https://sfbay.craigslist.org/nby/apa/d/bennett-valley/6566839360.html
https://sfbay.craigslist.org/nby/apa/d/blocks-from-downtown/6553270623.html,2BR,1Ba,1500ft2,house,3,3,1,1,0,1,0,12,91,https://sfbay.craigslist.org/nby/apa/d/blocks-from-downtown/6553270623.html
https://sfbay.craigslist.org/nby/apa/d/brand-new-espositi-park/6552844922.html,2BR,1Ba,available apr 5,apartment,2,4,0,0,0,1,0,9,261,https://sfbay.craigslist.org/nby/apa/d/brand-new-espositi-park/6552844922.html
https://sfbay.craigslist.org/nby/apa/d/brand-new-single-level/6560124131.html,2BR,2.5Ba,2200ft2,house,5,6,0,0,0,0,0,22,340,https://sfbay.craigslist.org/nby/apa/d/brand-new-single-level/6560124131.html
https://sfbay.craigslist.org/nby/apa/d/breathtaking-bay-views/6552150666.html,1BR,1Ba,664ft2,apartment,4,4,0,0,0,0,0,14,115,https://sfbay.craigslist.org/nby/apa/d/breathtaking-bay-views/6552150666.html
https://sfbay.craigslist.org/nby/apa/d/bright-and-spacious-2x1-in/6557346912.html,2BR,1Ba,750ft2,apartment,2,4,1,1,0,1,0,18,230,https://sfbay.craigslist.org/nby/apa/d/bright-and-spacious-2x1-in/6557346912.html
https://sfbay.craigslist.org/nby/apa/d/bright-and-updated-2x1-with-d/6557508810.html,2BR,1Ba,810ft2,apartment,5,4,1,1,0,1,0,16,225,https://sfbay.craigslist.org/nby/apa/d/bright-and-updated-2x1-with-d/6557508810.html
https://sfbay.craigslist.org/nby/apa/d/bright-walk-to-town-2bd-1-5ba/6550045629.html,2BR,1.5Ba,available apr 7,condo,5,4,0,0,0,1,0,14,395,https://sfbay.craigslist.org/nby/apa/d/bright-walk-to-town-2bd-1-5ba/6550045629.html
https://sfbay.craigslist.org/nby/apa/d/calistoga-duplex-walk-to-town/6569433745.html,1BR,1Ba,500ft2,duplex,3,3,0,0,0,1,0,7,94,https://sfbay.craigslist.org/nby/apa/d/calistoga-duplex-walk-to-town/6569433745.html
https://sfbay.craigslist.org/nby/apa/d/calistoga-napa-valley/6560312517.html,2BR,2.5Ba,1250ft2,townhouse,5,6,1,1,1,1,0,12,248,https://sfbay.craigslist.org/nby/apa/d/calistoga-napa-valley/6560312517.html
https://sfbay.craigslist.org/nby/apa/d/central-heat-and-air/6559529733.html,2BR,2Ba,993ft2,apartment,0,0,0,0,0,0,0,9,239,https://sfbay.craigslist.org/nby/apa/d/central-heat-and-air/6559529733.html
https://sfbay.craigslist.org/nby/apa/d/central-heat-and-air/6567512271.html,2BR,2Ba,1210ft2,apartment,5,0,1,1,0,1,0,9,237,https://sfbay.craigslist.org/nby/apa/d/central-heat-and-air/6567512271.html
https://sfbay.craigslist.org/nby/apa/d/central-heat-and-air/6569184470.html,2BR,2Ba,995ft2,apartment,0,0,0,0,0,0,0,9,246,https://sfbay.craigslist.org/nby/apa/d/central-heat-and-air/6569184470.html
https://sfbay.craigslist.org/nby/apa/d/central-san-rafael-2-bedroom/6569044786.html,2BR,1Ba,available apr 27,apartment,2,4,0,0,0,1,0,6,78,https://sfbay.craigslist.org/nby/apa/d/central-san-rafael-2-bedroom/6569044786.html
https://sfbay.craigslist.org/nby/apa/d/charming-1bd-1ba-cottage/6546278167.html,1BR,1Ba,available mar 29,cottage/cabin,2,3,1,1,0,1,0,10,466,https://sfbay.craigslist.org/nby/apa/d/charming-1bd-1ba-cottage/6546278167.html
https://sfbay.craigslist.org/nby/apa/d/charming-2br-15bath-sycamore/6569383511.html,2BR,1.5Ba,1200ft2,house,4,2,0,0,0,0,0,15,158,https://sfbay.craigslist.org/nby/apa/d/charming-2br-15bath-sycamore/6569383511.html
https://sfbay.craigslist.org/nby/apa/d/charming-lower-unit-duplex-in/6544827101.html,2BR,1Ba,available apr 15,duplex,2,6,0,0,0,1,0,11,135,https://sfbay.craigslist.org/nby/apa/d/charming-lower-unit-duplex-in/6544827101.html
https://sfbay.craigslist.org/nby/apa/d/charming-tri-level-home/6569234581.html,2BR,1Ba,1500ft2,house,5,6,1,0,0,0,0,15,146,https://sfbay.craigslist.org/nby/apa/d/charming-tri-level-home/6569234581.html
https://sfbay.craigslist.org/nby/apa/d/charming-upgraded-vintage-4/6569285862.html,4BR,3Ba,2838ft2,house,2,5,0,0,0,0,0,16,165,https://sfbay.craigslist.org/nby/apa/d/charming-upgraded-vintage-4/6569285862.html
https://sfbay.craigslist.org/nby/apa/d/check-out-this-huge-deal-1/6569276882.html,1BR,1Ba,870ft2,apartment,5,0,1,1,0,1,0,19,329,https://sfbay.craigslist.org/nby/apa/d/check-out-this-huge-deal-1/6569276882.html
https://sfbay.craigslist.org/nby/apa/d/clean-spacious-new-studio/6564660470.html,0BR,1Ba,available apr 18,manufactured,2,2,0,0,0,0,0,10,111,https://sfbay.craigslist.org/nby/apa/d/clean-spacious-new-studio/6564660470.html
https://sfbay.craigslist.org/nby/apa/d/close-to-all/6569033184.html,2BR,1Ba,available apr 15,apartment,2,4,1,0,0,0,0,6,48,https://sfbay.craigslist.org/nby/apa/d/close-to-all/6569033184.html
https://sfbay.craigslist.org/nby/apa/d/close-to-allkaiser-autodesk/6562774952.html,2BR,1Ba,available apr 18,apartment,2,4,1,0,0,0,0,6,52,https://sfbay.craigslist.org/nby/apa/d/close-to-allkaiser-autodesk/6562774952.html
https://sfbay.craigslist.org/nby/apa/d/come-check-out-our-1x1s/6549357005.html,1BR,1Ba,available apr 19,apartment,2,4,1,1,0,1,0,11,431,https://sfbay.craigslist.org/nby/apa/d/come-check-out-our-1x1s/6549357005.html
https://sfbay.craigslist.org/nby/apa/d/comfortable-two-story-home/6557336346.html,2BR,1.5Ba,available feb 10,house,3,6,0,0,0,0,0,8,210,https://sfbay.craigslist.org/nby/apa/d/comfortable-two-story-home/6557336346.html
https://sfbay.craigslist.org/nby/apa/d/community-bbq-designer/6559247444.html,2BR,2Ba,1215ft2,apartment,0,0,0,0,0,0,0,9,233,https://sfbay.craigslist.org/nby/apa/d/community-bbq-designer/6559247444.html
https://sfbay.craigslist.org/nby/apa/d/community-bbq-modern-mirrored/6559578578.html,2BR,2Ba,886ft2,apartment,0,0,0,0,0,0,0,9,240,https://sfbay.craigslist.org/nby/apa/d/community-bbq-modern-mirrored/6559578578.html
https://sfbay.craigslist.org/nby/apa/d/community-garden-pool-gym/6558108509.html,2BR,2Ba,available may 19,apartment,5,4,1,1,0,1,0,10,313,https://sfbay.craigslist.org/nby/apa/d/community-garden-pool-gym/6558108509.html
https://sfbay.craigslist.org/nby/apa/d/commuting-is-breeze-youll/6553622156.html,1BR,1Ba,available apr 18,apartment,2,4,1,1,0,0,0,10,206,https://sfbay.craigslist.org/nby/apa/d/commuting-is-breeze-youll/6553622156.html
https://sfbay.craigslist.org/nby/apa/d/cozy-and-bright-hillside/6564711761.html,1BR,1Ba,500ft2,cottage/cabin,2,3,0,0,0,1,0,6,169,https://sfbay.craigslist.org/nby/apa/d/cozy-and-bright-hillside/6564711761.html
https://sfbay.craigslist.org/nby/apa/d/crown-molding-high-speed/6567037625.html,1BR,1Ba,650ft2,apartment,0,0,0,0,0,0,0,9,238,https://sfbay.craigslist.org/nby/apa/d/crown-molding-high-speed/6567037625.html
https://sfbay.craigslist.org/nby/apa/d/custom-everything/6568961863.html,2BR,1Ba,880ft2,apartment,5,4,1,1,0,1,0,4,129,https://sfbay.craigslist.org/nby/apa/d/custom-everything/6568961863.html
https://sfbay.craigslist.org/nby/apa/d/darling-2-bdrm-12-bath-house/6562888682.html,2BR,2Ba,available may 15,house,5,4,1,0,0,1,0,14,62,https://sfbay.craigslist.org/nby/apa/d/darling-2-bdrm-12-bath-house/6562888682.html
https://sfbay.craigslist.org/nby/apa/d/desilva-island-townhome/6561028811.html,2BR,3Ba,1898ft2,townhouse,5,5,1,1,0,1,0,21,614,https://sfbay.craigslist.org/nby/apa/d/desilva-island-townhome/6561028811.html
https://sfbay.craigslist.org/nby/apa/d/dishwasher-assigned-garage/6569505393.html,1BR,1Ba,650ft2,apartment,0,0,0,0,0,0,0,9,247,https://sfbay.craigslist.org/nby/apa/d/dishwasher-assigned-garage/6569505393.html
https://sfbay.craigslist.org/nby/apa/d/dishwasher-spacious-pantry/6565705571.html,3BR,2Ba,1156ft2,apartment,0,0,0,0,0,0,0,9,246,https://sfbay.craigslist.org/nby/apa/d/dishwasher-spacious-pantry/6565705571.html
https://sfbay.craigslist.org/nby/apa/d/east-petaluma-3br-2ba-1882-sq/6569297333.html,3BR,2Ba,1882ft2,house,3,6,0,0,0,1,0,17,44,https://sfbay.craigslist.org/nby/apa/d/east-petaluma-3br-2ba-1882-sq/6569297333.html
https://sfbay.craigslist.org/nby/apa/d/easy-access-to-the-101/6569513599.html,1BR,1Ba,806ft2,apartment,5,4,1,1,0,1,0,21,239,https://sfbay.craigslist.org/nby/apa/d/easy-access-to-the-101/6569513599.html
https://sfbay.craigslist.org/nby/apa/d/fabulous-1-bedw-dbeautiful/6553941441.html,1BR,1Ba,available may 8,apartment,5,4,1,1,0,1,0,10,310,https://sfbay.craigslist.org/nby/apa/d/fabulous-1-bedw-dbeautiful/6553941441.html
https://sfbay.craigslist.org/nby/apa/d/fabulous-2x1-available-soon/6544922526.html,2BR,1Ba,available apr 19,apartment,2,4,1,1,0,1,0,11,355,https://sfbay.craigslist.org/nby/apa/d/fabulous-2x1-available-soon/6544922526.html
https://sfbay.craigslist.org/nby/apa/d/fantastic-2-level-tiburon/6569405994.html,2BR,2Ba,available may 1,apartment,5,6,0,0,0,0,0,16,240,https://sfbay.craigslist.org/nby/apa/d/fantastic-2-level-tiburon/6569405994.html
https://sfbay.craigslist.org/nby/apa/d/faux-wood-flooring-high-speed/6561892405.html,1BR,1Ba,650ft2,apartment,0,0,0,0,0,0,0,9,241,https://sfbay.craigslist.org/nby/apa/d/faux-wood-flooring-high-speed/6561892405.html
https://sfbay.craigslist.org/nby/apa/d/faux-wood-flooring-public/6569186459.html,2BR,2Ba,1021ft2,apartment,0,0,0,0,0,0,0,9,243,https://sfbay.craigslist.org/nby/apa/d/faux-wood-flooring-public/6569186459.html
https://sfbay.craigslist.org/nby/apa/d/find-your-new-2br-2ba/6569289552.html,2BR,2Ba,1277ft2,townhouse,5,6,1,1,0,1,0,7,303,https://sfbay.craigslist.org/nby/apa/d/find-your-new-2br-2ba/6569289552.html
https://sfbay.craigslist.org/nby/apa/d/flex-lease-elegantly/6554444592.html,4BR,3Ba,4000ft2,house,5,6,0,1,1,1,0,16,739,https://sfbay.craigslist.org/nby/apa/d/flex-lease-elegantly/6554444592.html
https://sfbay.craigslist.org/nby/apa/d/free-wi-fi-garden-apt-granite/6569113309.html,2BR,2Ba,900ft2,apartment,2,4,0,0,0,1,0,6,93,https://sfbay.craigslist.org/nby/apa/d/free-wi-fi-garden-apt-granite/6569113309.html
https://sfbay.craigslist.org/nby/apa/d/free-wi-fi-garden-apt-granite/6569113964.html,1BR,1Ba,600ft2,apartment,2,4,0,0,0,0,0,6,78,https://sfbay.craigslist.org/nby/apa/d/free-wi-fi-garden-apt-granite/6569113964.html
https://sfbay.craigslist.org/nby/apa/d/fully-equipped-fitness-center/6567644769.html,2BR,2Ba,1210ft2,apartment,5,4,1,1,0,1,0,8,234,https://sfbay.craigslist.org/nby/apa/d/fully-equipped-fitness-center/6567644769.html
https://sfbay.craigslist.org/nby/apa/d/fully-equipped-fitness-center/6569271908.html,2BR,2Ba,1210ft2,apartment,5,4,1,1,0,1,0,9,239,https://sfbay.craigslist.org/nby/apa/d/fully-equipped-fitness-center/6569271908.html
https://sfbay.craigslist.org/nby/apa/d/fully-equipped-fitness-center/6569374347.html,2BR,2Ba,1021ft2,apartment,0,0,0,0,0,0,0,9,248,https://sfbay.craigslist.org/nby/apa/d/fully-equipped-fitness-center/6569374347.html
https://sfbay.craigslist.org/nby/apa/d/furnished-2-br-2ba-house-in/6569445224.html,2BR,2Ba,1400ft2,house,5,4,1,0,1,1,0,24,332,https://sfbay.craigslist.org/nby/apa/d/furnished-2-br-2ba-house-in/6569445224.html
https://sfbay.craigslist.org/nby/apa/d/furnished-3-bedroom-townhouse/6569252079.html,3BR,2.5Ba,available mar 6,townhouse,3,6,0,0,0,0,0,12,83,https://sfbay.craigslist.org/nby/apa/d/furnished-3-bedroom-townhouse/6569252079.html
https://sfbay.craigslist.org/nby/apa/d/furnished-single-family-house/6563197118.html,3BR,2.5Ba,available apr 1,house,5,3,0,0,1,1,0,20,71,https://sfbay.craigslist.org/nby/apa/d/furnished-single-family-house/6563197118.html
https://sfbay.craigslist.org/nby/apa/d/furnished-studio-great/6568931413.html,0BR,1Ba,available apr 23,apartment,2,2,1,1,1,1,1,6,300,https://sfbay.craigslist.org/nby/apa/d/furnished-studio-great/6568931413.html
https://sfbay.craigslist.org/nby/apa/d/furnishedmove-in-read-2br-2ba/6561830041.html,2BR,2Ba,2090ft2,house,2,2,0,0,1,1,0,22,338,https://sfbay.craigslist.org/nby/apa/d/furnishedmove-in-read-2br-2ba/6561830041.html
https://sfbay.craigslist.org/nby/apa/d/furnishedmove-in-ready-2br/6561830893.html,2BR,2Ba,2090ft2,house,2,2,0,0,1,1,0,22,338,https://sfbay.craigslist.org/nby/apa/d/furnishedmove-in-ready-2br/6561830893.html
https://sfbay.craigslist.org/nby/apa/d/gated-estate-private-quiet/6563567277.html,2BR,2Ba,2100ft2,house,4,2,0,0,1,1,0,24,254,https://sfbay.craigslist.org/nby/apa/d/gated-estate-private-quiet/6563567277.html
https://sfbay.craigslist.org/nby/apa/d/gated-home-on-acreage-with/6569179598.html,4BR,3Ba,2342ft2,house,5,6,0,0,0,0,0,11,225,https://sfbay.craigslist.org/nby/apa/d/gated-home-on-acreage-with/6569179598.html
https://sfbay.craigslist.org/nby/apa/d/gated-san-rafael-estate/6564784160.html,4BR,3.5Ba,5164ft2,house,5,5,0,0,0,0,0,22,704,https://sfbay.craigslist.org/nby/apa/d/gated-san-rafael-estate/6564784160.html
https://sfbay.craigslist.org/nby/apa/d/get-it-before-its-gone/6563097062.html,1BR,1Ba,640ft2,apartment,2,4,1,1,0,1,0,7,174,https://sfbay.craigslist.org/nby/apa/d/get-it-before-its-gone/6563097062.html
https://sfbay.craigslist.org/nby/apa/d/gorgeous-and-modern-3x25-home/6569153071.html,3BR,2.5Ba,2039ft2,house,5,6,0,0,0,0,0,16,183,https://sfbay.craigslist.org/nby/apa/d/gorgeous-and-modern-3x25-home/6569153071.html
https://sfbay.craigslist.org/nby/apa/d/gorgeous-four-bedroom-house/6569184096.html,4BR,2.5Ba,2991ft2,house,5,6,0,0,0,0,0,7,175,https://sfbay.craigslist.org/nby/apa/d/gorgeous-four-bedroom-house/6569184096.html
https://sfbay.craigslist.org/nby/apa/d/gorgeous-magical-nature/6569419996.html,3BR,5Ba,available apr 1,apartment,4,6,0,0,1,1,1,10,294,https://sfbay.craigslist.org/nby/apa/d/gorgeous-magical-nature/6569419996.html
https://sfbay.craigslist.org/nby/apa/d/gorgeous-private-home-with/6557343903.html,5BR,3.5Ba,4000ft2,house,5,6,0,0,0,1,0,12,377,https://sfbay.craigslist.org/nby/apa/d/gorgeous-private-home-with/6557343903.html
https://sfbay.craigslist.org/nby/apa/d/gorgeous-remodeled-1-bdrm-apt/6558303954.html,1BR,1Ba,650ft2,apartment,2,0,0,0,0,1,0,14,154,https://sfbay.craigslist.org/nby/apa/d/gorgeous-remodeled-1-bdrm-apt/6558303954.html
https://sfbay.craigslist.org/nby/apa/d/gorgeous-renovated-spacious/6569382457.html,2BR,2Ba,928ft2,apartment,5,2,1,1,0,1,0,9,207,https://sfbay.craigslist.org/nby/apa/d/gorgeous-renovated-spacious/6569382457.html
https://sfbay.craigslist.org/nby/apa/d/gorgeous-updated-top-floor/6569168723.html,1BR,1Ba,700ft2,townhouse,5,4,1,1,0,1,0,8,198,https://sfbay.craigslist.org/nby/apa/d/gorgeous-updated-top-floor/6569168723.html
https://sfbay.craigslist.org/nby/apa/d/gorgeous-vintage-view-home/6564312457.html,4BR,4Ba,3401ft2,house,5,5,1,1,0,1,0,24,666,https://sfbay.craigslist.org/nby/apa/d/gorgeous-vintage-view-home/6564312457.html
https://sfbay.craigslist.org/nby/apa/d/gorgeously-updated-1x1/6569461218.html,1BR,1Ba,available may 17,apartment,0,0,0,0,0,0,0,6,250,https://sfbay.craigslist.org/nby/apa/d/gorgeously-updated-1x1/6569461218.html
https://sfbay.craigslist.org/nby/apa/d/gourmet-kitchen-with/6567611522.html,1BR,1Ba,716ft2,apartment,0,0,0,0,0,0,0,9,244,https://sfbay.craigslist.org/nby/apa/d/gourmet-kitchen-with/6567611522.html
https://sfbay.craigslist.org/nby/apa/d/gourmet-kitchen-with/6569183074.html,1BR,1Ba,716ft2,apartment,0,0,0,0,0,0,0,9,243,https://sfbay.craigslist.org/nby/apa/d/gourmet-kitchen-with/6569183074.html
https://sfbay.craigslist.org/nby/apa/d/grab-this-spectacular-view/6569460930.html,1BR,1Ba,650ft2,apartment,5,0,1,1,0,1,0,20,517,https://sfbay.craigslist.org/nby/apa/d/grab-this-spectacular-view/6569460930.html
https://sfbay.craigslist.org/nby/apa/d/great-2-storey-4br-3ba-napa/6569356135.html,4BR,3Ba,available may 15,apartment,0,6,0,0,0,0,0,23,140,https://sfbay.craigslist.org/nby/apa/d/great-2-storey-4br-3ba-napa/6569356135.html
https://sfbay.craigslist.org/nby/apa/d/great-apartments-located-in/6569506549.html,2BR,1.5Ba,1028ft2,apartment,2,3,1,1,0,1,1,9,120,https://sfbay.craigslist.org/nby/apa/d/great-apartments-located-in/6569506549.html
https://sfbay.craigslist.org/nby/apa/d/great-areavery-clean-and/6569116780.html,3BR,2Ba,1170ft2,house,2,6,0,0,0,0,0,11,113,https://sfbay.craigslist.org/nby/apa/d/great-areavery-clean-and/6569116780.html
https://sfbay.craigslist.org/nby/apa/d/great-house-with-view/6564001145.html,2BR,1.5Ba,1700ft2,house,3,2,1,1,0,1,0,14,348,https://sfbay.craigslist.org/nby/apa/d/great-house-with-view/6564001145.html
https://sfbay.craigslist.org/nby/apa/d/great-petaluma-location-great/6569398718.html,2BR,1.5Ba,1028ft2,apartment,2,3,1,1,0,1,1,8,114,https://sfbay.craigslist.org/nby/apa/d/great-petaluma-location-great/6569398718.html
https://sfbay.craigslist.org/nby/apa/d/great-remodeled-4-bed-3-bath/6568871626.html,4BR,3Ba,2100ft2,apartment,5,6,0,0,0,1,1,16,258,https://sfbay.craigslist.org/nby/apa/d/great-remodeled-4-bed-3-bath/6568871626.html
https://sfbay.craigslist.org/nby/apa/d/ground-floor-single-level-2/6563645860.html,2BR,1Ba,available apr 17,apartment,2,2,0,0,0,1,0,10,293,https://sfbay.craigslist.org/nby/apa/d/ground-floor-single-level-2/6563645860.html
https://sfbay.craigslist.org/nby/apa/d/guest-parking-faux-wood/6567594504.html,1BR,1Ba,852ft2,apartment,5,4,1,1,0,1,0,8,237,https://sfbay.craigslist.org/nby/apa/d/guest-parking-faux-wood/6567594504.html
https://sfbay.craigslist.org/nby/apa/d/high-speed-cable-and-internet/6567666804.html,2BR,2Ba,1021ft2,apartment,0,0,0,0,0,0,0,9,245,https://sfbay.craigslist.org/nby/apa/d/high-speed-cable-and-internet/6567666804.html
https://sfbay.craigslist.org/nby/apa/d/high-speed-cable-and-internet/6569397562.html,1BR,1Ba,852ft2,apartment,5,4,1,1,0,1,0,9,242,https://sfbay.craigslist.org/nby/apa/d/high-speed-cable-and-internet/6569397562.html
https://sfbay.craigslist.org/nby/apa/d/higher-quality-of-living-come/6558102023.html,2BR,1Ba,available apr 27,apartment,5,4,1,1,0,1,0,11,317,https://sfbay.craigslist.org/nby/apa/d/higher-quality-of-living-come/6558102023.html
https://sfbay.craigslist.org/nby/apa/d/higher-quality-of-living-come/6561306247.html,2BR,1Ba,available apr 27,apartment,5,4,1,1,0,1,0,9,316,https://sfbay.craigslist.org/nby/apa/d/higher-quality-of-living-come/6561306247.html
https://sfbay.craigslist.org/nby/apa/d/house-for-rent-3-bedroom-2/6568995717.html,3BR,2Ba,1600ft2,house,3,6,0,0,0,1,0,6,124,https://sfbay.craigslist.org/nby/apa/d/house-for-rent-3-bedroom-2/6568995717.html
https://sfbay.craigslist.org/nby/apa/d/huge-6-bed-3-full-bath-in/6560296358.html,6BR,3Ba,2430ft2,house,3,2,1,1,0,0,0,5,128,https://sfbay.craigslist.org/nby/apa/d/huge-6-bed-3-full-bath-in/6560296358.html
https://sfbay.craigslist.org/nby/apa/d/ignacio-hill-apts-1-1/6569238068.html,1BR,1Ba,650ft2,apartment,2,4,1,0,0,1,0,6,111,https://sfbay.craigslist.org/nby/apa/d/ignacio-hill-apts-1-1/6569238068.html
https://sfbay.craigslist.org/nby/apa/d/ignacio-hill-apts-studio/6569240553.html,0BR,1Ba,650ft2,apartment,2,4,1,0,0,1,0,6,111,https://sfbay.craigslist.org/nby/apa/d/ignacio-hill-apts-studio/6569240553.html
https://sfbay.craigslist.org/nby/apa/d/immaculate-home-in-hamilton/6542095150.html,4BR,2.5Ba,available mar 24,house,5,6,0,1,0,1,0,9,132,https://sfbay.craigslist.org/nby/apa/d/immaculate-home-in-hamilton/6542095150.html
https://sfbay.craigslist.org/nby/apa/d/inviting-clubhouse-public/6565127835.html,2BR,2Ba,1021ft2,apartment,0,0,0,0,0,0,0,9,243,https://sfbay.craigslist.org/nby/apa/d/inviting-clubhouse-public/6565127835.html
https://sfbay.craigslist.org/nby/apa/d/inviting-clubhouse-state-of/6569370645.html,1BR,1Ba,716ft2,apartment,0,0,0,0,0,0,0,9,250,https://sfbay.craigslist.org/nby/apa/d/inviting-clubhouse-state-of/6569370645.html
https://sfbay.craigslist.org/nby/apa/d/jc-ridgway-hist-dist-large-1br/6569164382.html,1BR,1Ba,750ft2,apartment,2,2,1,0,0,1,0,9,147,https://sfbay.craigslist.org/nby/apa/d/jc-ridgway-hist-dist-large-1br/6569164382.html
https://sfbay.craigslist.org/nby/apa/d/kentwood-apartments-applying/6550834855.html,1BR,1Ba,685ft2,apartment,2,4,1,1,0,0,0,6,186,https://sfbay.craigslist.org/nby/apa/d/kentwood-apartments-applying/6550834855.html
https://sfbay.craigslist.org/nby/apa/d/lake-views-light-filled/6556268853.html,0BR,1Ba,available apr 1,apartment,0,2,0,0,0,1,0,3,70,https://sfbay.craigslist.org/nby/apa/d/lake-views-light-filled/6556268853.html
https://sfbay.craigslist.org/nby/apa/d/large-4bd-35ba-mill-valley/6561027139.html,4BR,3.5Ba,4208ft2,house,5,6,0,0,0,1,0,18,554,https://sfbay.craigslist.org/nby/apa/d/large-4bd-35ba-mill-valley/6561027139.html
https://sfbay.craigslist.org/nby/apa/d/large-6-bed-3-full-bath-home/6560163761.html,6BR,3Ba,2430ft2,house,3,2,1,1,0,0,0,19,128,https://sfbay.craigslist.org/nby/apa/d/large-6-bed-3-full-bath-home/6560163761.html
https://sfbay.craigslist.org/nby/apa/d/large-walk-in-closets/6569376071.html,3BR,2Ba,1156ft2,apartment,0,0,0,0,0,0,0,9,241,https://sfbay.craigslist.org/nby/apa/d/large-walk-in-closets/6569376071.html
https://sfbay.craigslist.org/nby/apa/d/last-minute-move-stop-by/6569388117.html,2BR,2Ba,896ft2,apartment,2,4,1,1,0,1,0,14,371,https://sfbay.craigslist.org/nby/apa/d/last-minute-move-stop-by/6569388117.html
https://sfbay.craigslist.org/nby/apa/d/lease-this-large-1bx1b-unit/6569458544.html,1BR,1Ba,870ft2,apartment,5,0,1,1,0,1,0,13,374,https://sfbay.craigslist.org/nby/apa/d/lease-this-large-1bx1b-unit/6569458544.html
https://sfbay.craigslist.org/nby/apa/d/let-us-be-your-calm/6569171225.html,2BR,2Ba,845ft2,apartment,2,4,1,1,0,1,0,8,100,https://sfbay.craigslist.org/nby/apa/d/let-us-be-your-calm/6569171225.html
https://sfbay.craigslist.org/nby/apa/d/light-and-bright-sonoma-duplex/6560394485.html,2BR,1Ba,available apr 13,duplex,3,2,0,0,0,1,0,8,143,https://sfbay.craigslist.org/nby/apa/d/light-and-bright-sonoma-duplex/6560394485.html
https://sfbay.craigslist.org/nby/apa/d/light-and-cheery-1x1s-great/6553541467.html,1BR,1Ba,available may 1,apartment,2,2,1,1,0,1,0,10,296,https://sfbay.craigslist.org/nby/apa/d/light-and-cheery-1x1s-great/6553541467.html
https://sfbay.craigslist.org/nby/apa/d/limitless-style-unreal/6569367865.html,1BR,1.5Ba,959ft2,apartment,5,6,1,1,0,0,0,15,416,https://sfbay.craigslist.org/nby/apa/d/limitless-style-unreal/6569367865.html
https://sfbay.craigslist.org/nby/apa/d/live-at-the-center-of-modern/6569317999.html,2BR,1.5Ba,1028ft2,apartment,2,3,1,1,0,1,1,8,119,https://sfbay.craigslist.org/nby/apa/d/live-at-the-center-of-modern/6569317999.html
https://sfbay.craigslist.org/nby/apa/d/location-location-location/6569141466.html,3BR,2Ba,2400ft2,house,2,6,1,1,0,1,0,6,153,https://sfbay.craigslist.org/nby/apa/d/location-location-location/6569141466.html
https://sfbay.craigslist.org/nby/apa/d/location-location/6569032471.html,2BR,1Ba,available apr 15,apartment,2,4,1,0,0,0,0,4,31,https://sfbay.craigslist.org/nby/apa/d/location-location/6569032471.html
https://sfbay.craigslist.org/nby/apa/d/look-lease-today-and-take/6569234299.html,1BR,1Ba,650ft2,apartment,5,0,1,1,0,1,0,17,571,https://sfbay.craigslist.org/nby/apa/d/look-lease-today-and-take/6569234299.html
https://sfbay.craigslist.org/nby/apa/d/looking-for-flexible-options/6569252393.html,2BR,2Ba,970ft2,apartment,5,0,1,1,0,1,0,19,388,https://sfbay.craigslist.org/nby/apa/d/looking-for-flexible-options/6569252393.html
https://sfbay.craigslist.org/nby/apa/d/love-your-new-home-at-the/6569449193.html,1BR,1Ba,780ft2,apartment,5,5,1,1,0,0,1,9,162,https://sfbay.craigslist.org/nby/apa/d/love-your-new-home-at-the/6569449193.html
https://sfbay.craigslist.org/nby/apa/d/lovely-3-bedroom-2-bath-house/6569467408.html,3BR,2Ba,1812ft2,house,5,0,0,0,0,1,0,9,149,https://sfbay.craigslist.org/nby/apa/d/lovely-3-bedroom-2-bath-house/6569467408.html
https://sfbay.craigslist.org/nby/apa/d/lovely-lakefront-home-huge/6566603866.html,4BR,3Ba,2100ft2,house,5,5,1,0,0,1,0,8,137,https://sfbay.craigslist.org/nby/apa/d/lovely-lakefront-home-huge/6566603866.html
https://sfbay.craigslist.org/nby/apa/d/lovely-upgraded-kentfield-2bd/6562531798.html,2BR,2Ba,available may 1,duplex,5,5,0,0,0,1,0,11,449,https://sfbay.craigslist.org/nby/apa/d/lovely-upgraded-kentfield-2bd/6562531798.html
https://sfbay.craigslist.org/nby/apa/d/lovely-victorian-executive/6569135717.html,2BR,1.5Ba,1200ft2,house,4,3,0,0,0,0,0,9,112,https://sfbay.craigslist.org/nby/apa/d/lovely-victorian-executive/6569135717.html
https://sfbay.craigslist.org/nby/apa/d/lrg-2x2-in-garden-style/6566027233.html,2BR,2Ba,1240ft2,apartment,5,4,1,1,0,1,0,11,221,https://sfbay.craigslist.org/nby/apa/d/lrg-2x2-in-garden-style/6566027233.html
https://sfbay.craigslist.org/nby/apa/d/luxury-one-bedroom-napa/6557315413.html,1BR,1Ba,997ft2,condo,5,2,0,0,0,0,0,24,184,https://sfbay.craigslist.org/nby/apa/d/luxury-one-bedroom-napa/6557315413.html
https://sfbay.craigslist.org/nby/apa/d/luxury-yacht-club-style/6554448443.html,2BR,2Ba,1080ft2,apartment,5,4,1,1,0,0,0,18,463,https://sfbay.craigslist.org/nby/apa/d/luxury-yacht-club-style/6554448443.html
https://sfbay.craigslist.org/nby/apa/d/majestic-mill-valley-4bd-3ba/6550097577.html,4BR,3Ba,2772ft2,house,5,5,1,1,0,1,0,23,563,https://sfbay.craigslist.org/nby/apa/d/majestic-mill-valley-4bd-3ba/6550097577.html
https://sfbay.craigslist.org/nby/apa/d/majestic-views-plentiful/6569361754.html,1BR,1Ba,790ft2,apartment,2,4,1,1,0,1,0,6,200,https://sfbay.craigslist.org/nby/apa/d/majestic-views-plentiful/6569361754.html
https://sfbay.craigslist.org/nby/apa/d/meticulous-east-side-home/6553009927.html,3BR,2.5Ba,2000ft2,house,5,5,0,1,1,0,0,16,206,https://sfbay.craigslist.org/nby/apa/d/meticulous-east-side-home/6553009927.html
https://sfbay.craigslist.org/nby/apa/d/mid-century-home-for-rent/6564074286.html,3BR,2Ba,1800ft2,apartment,0,0,0,0,0,1,0,12,88,https://sfbay.craigslist.org/nby/apa/d/mid-century-home-for-rent/6564074286.html
https://sfbay.craigslist.org/nby/apa/d/mill-valley-strawberry-nicely/6563754609.html,2BR,1Ba,available apr 17,apartment,4,4,0,0,0,1,0,6,122,https://sfbay.craigslist.org/nby/apa/d/mill-valley-strawberry-nicely/6563754609.html
https://sfbay.craigslist.org/nby/apa/d/modern-condo-in-san-rafael/6550871621.html,2BR,1.5Ba,1328ft2,apartment,5,5,0,0,0,1,0,14,89,https://sfbay.craigslist.org/nby/apa/d/modern-condo-in-san-rafael/6550871621.html
https://sfbay.craigslist.org/nby/apa/d/modern-tile-backsplash-state/6567474167.html,1BR,1Ba,716ft2,apartment,0,0,0,0,0,0,0,9,250,https://sfbay.craigslist.org/nby/apa/d/modern-tile-backsplash-state/6567474167.html
https://sfbay.craigslist.org/nby/apa/d/montevilla-apts-water-garbage/6552853468.html,2BR,1Ba,available mar 5,apartment,2,4,0,0,0,1,0,7,214,https://sfbay.craigslist.org/nby/apa/d/montevilla-apts-water-garbage/6552853468.html
https://sfbay.craigslist.org/nby/apa/d/napa-valley-studio-cottage-in/6564930469.html,0BR,1Ba,350ft2,apartment,2,2,0,0,0,0,0,14,150,https://sfbay.craigslist.org/nby/apa/d/napa-valley-studio-cottage-in/6564930469.html
https://sfbay.craigslist.org/nby/apa/d/new-2-bedroom-suite-pool-on/6557494368.html,2BR,1Ba,930ft2,apartment,2,2,0,0,0,1,0,13,286,https://sfbay.craigslist.org/nby/apa/d/new-2-bedroom-suite-pool-on/6557494368.html
https://sfbay.craigslist.org/nby/apa/d/newly-remodeled-novato-home/6566993519.html,3BR,2Ba,1247ft2,house,3,6,0,0,0,1,0,14,191,https://sfbay.craigslist.org/nby/apa/d/newly-remodeled-novato-home/6566993519.html
https://sfbay.craigslist.org/nby/apa/d/newly-renovated-1x1-with-d-in/6567516851.html,1BR,1Ba,790ft2,apartment,5,4,1,1,0,1,0,15,176,https://sfbay.craigslist.org/nby/apa/d/newly-renovated-1x1-with-d-in/6567516851.html
https://sfbay.craigslist.org/nby/apa/d/newly-updated-condo-available/6569515895.html,2BR,1Ba,900ft2,condo,5,5,0,0,0,1,0,4,89,https://sfbay.craigslist.org/nby/apa/d/newly-updated-condo-available/6569515895.html
https://sfbay.craigslist.org/nby/apa/d/newly-updated-unit-in-tiburon/6569164598.html,1BR,0Ba,700ft2,apartment,2,4,1,1,0,1,0,9,155,https://sfbay.craigslist.org/nby/apa/d/newly-updated-unit-in-tiburon/6569164598.html
https://sfbay.craigslist.org/nby/apa/d/night-patrol-fitness-center/6569182370.html,2BR,2Ba,1350ft2,apartment,5,4,1,1,0,1,0,9,246,https://sfbay.craigslist.org/nby/apa/d/night-patrol-fitness-center/6569182370.html
https://sfbay.craigslist.org/nby/apa/d/nightly-courtesy-patrol/6569188077.html,3BR,2Ba,1156ft2,apartment,0,0,0,0,0,0,0,9,249,https://sfbay.craigslist.org/nby/apa/d/nightly-courtesy-patrol/6569188077.html
https://sfbay.craigslist.org/nby/apa/d/one-bedroom-house-in-private/6562887406.html,2BR,1Ba,available apr 16,house,3,4,0,0,0,0,0,9,134,https://sfbay.craigslist.org/nby/apa/d/one-bedroom-house-in-private/6562887406.html
https://sfbay.craigslist.org/nby/apa/d/one-bedroom-one-bath/6556630806.html,1BR,1Ba,available mar 5,apartment,2,2,0,0,0,1,0,8,255,https://sfbay.craigslist.org/nby/apa/d/one-bedroom-one-bath/6556630806.html
https://sfbay.craigslist.org/nby/apa/d/one-bedroom-victorian/6553936314.html,1BR,1Ba,available may 15,apartment,2,3,0,0,0,1,0,10,238,https://sfbay.craigslist.org/nby/apa/d/one-bedroom-victorian/6553936314.html
https://sfbay.craigslist.org/nby/apa/d/one-bedroom-washer-and-dryer/6562646172.html,1BR,1Ba,675ft2,apartment,5,4,1,1,0,0,0,12,331,https://sfbay.craigslist.org/nby/apa/d/one-bedroom-washer-and-dryer/6562646172.html
https://sfbay.craigslist.org/nby/apa/d/ooh-la-la/6569183274.html,1BR,1Ba,597ft2,apartment,2,4,1,1,0,1,0,4,198,https://sfbay.craigslist.org/nby/apa/d/ooh-la-la/6569183274.html
https://sfbay.craigslist.org/nby/apa/d/open-and-bright-1-bedroom-1/6554007762.html,1BR,1Ba,available apr 6,apartment,5,3,0,0,0,1,0,14,276,https://sfbay.craigslist.org/nby/apa/d/open-and-bright-1-bedroom-1/6554007762.html
https://sfbay.craigslist.org/nby/apa/d/our-one-bedrooms-are-coming/6549356757.html,1BR,1Ba,available apr 19,apartment,2,4,1,1,0,1,0,14,410,https://sfbay.craigslist.org/nby/apa/d/our-one-bedrooms-are-coming/6549356757.html
https://sfbay.craigslist.org/nby/apa/d/package-concierge-washer/6567518038.html,1BR,1Ba,788ft2,apartment,0,0,0,0,0,0,0,9,233,https://sfbay.craigslist.org/nby/apa/d/package-concierge-washer/6567518038.html
https://sfbay.craigslist.org/nby/apa/d/penngrove-beauty-on-297-acres/6560524273.html,3BR,2Ba,available apr 15,house,5,2,0,0,0,0,0,12,96,https://sfbay.craigslist.org/nby/apa/d/penngrove-beauty-on-297-acres/6560524273.html
https://sfbay.craigslist.org/nby/apa/d/pepper-road/6556268275.html,2BR,1Ba,available mar 1,house,5,5,0,0,0,1,0,9,181,https://sfbay.craigslist.org/nby/apa/d/pepper-road/6556268275.html
https://sfbay.craigslist.org/nby/apa/d/perfect-1bd-1bth-condo-in/6569273460.html,1BR,1Ba,available jun 10,condo,5,5,0,0,0,1,0,9,70,https://sfbay.craigslist.org/nby/apa/d/perfect-1bd-1bth-condo-in/6569273460.html
https://sfbay.craigslist.org/nby/apa/d/perfect-remodel-new-granite/6556343066.html,1BR,1Ba,635ft2,apartment,2,4,1,1,0,1,1,14,201,https://sfbay.craigslist.org/nby/apa/d/perfect-remodel-new-granite/6556343066.html
https://sfbay.craigslist.org/nby/apa/d/perfectly-private-2-bd-1-bth/6569428866.html,2BR,1Ba,1000ft2,duplex,5,2,0,0,0,1,0,12,188,https://sfbay.craigslist.org/nby/apa/d/perfectly-private-2-bd-1-bth/6569428866.html
https://sfbay.craigslist.org/nby/apa/d/pet-friendly-2-bed-condo-for/6569258784.html,2BR,1.5Ba,1007ft2,apartment,5,4,1,1,0,0,0,12,92,https://sfbay.craigslist.org/nby/apa/d/pet-friendly-2-bed-condo-for/6569258784.html
https://sfbay.craigslist.org/nby/apa/d/pet-friendly-community-1/6569339652.html,1BR,1Ba,600ft2,apartment,2,4,0,0,0,0,0,3,202,https://sfbay.craigslist.org/nby/apa/d/pet-friendly-community-1/6569339652.html
https://sfbay.craigslist.org/nby/apa/d/petaluma-apartment-for-rent/6564645311.html,2BR,1Ba,1028ft2,townhouse,5,3,1,1,0,1,1,9,127,https://sfbay.craigslist.org/nby/apa/d/petaluma-apartment-for-rent/6564645311.html
https://sfbay.craigslist.org/nby/apa/d/petaluma-apartment-for-rent/6566995775.html,2BR,1.5Ba,1028ft2,apartment,2,3,1,1,0,1,1,9,122,https://sfbay.craigslist.org/nby/apa/d/petaluma-apartment-for-rent/6566995775.html
https://sfbay.craigslist.org/nby/apa/d/petaluma-apartment-homes/6569488708.html,2BR,1.5Ba,1028ft2,apartment,2,3,1,1,0,1,1,9,127,https://sfbay.craigslist.org/nby/apa/d/petaluma-apartment-homes/6569488708.html
https://sfbay.craigslist.org/nby/apa/d/petaluma-apartment-living/6563669184.html,2BR,1Ba,885ft2,apartment,2,3,1,1,0,1,1,8,128,https://sfbay.craigslist.org/nby/apa/d/petaluma-apartment-living/6563669184.html
https://sfbay.craigslist.org/nby/apa/d/petaluma-apartment-living/6569322449.html,2BR,1.5Ba,1028ft2,apartment,2,3,1,1,0,1,1,9,123,https://sfbay.craigslist.org/nby/apa/d/petaluma-apartment-living/6569322449.html
https://sfbay.craigslist.org/nby/apa/d/petaluma-apartment-living/6569368936.html,2BR,1.5Ba,1028ft2,apartment,2,3,1,1,0,1,1,8,122,https://sfbay.craigslist.org/nby/apa/d/petaluma-apartment-living/6569368936.html
https://sfbay.craigslist.org/nby/apa/d/pool-side-community-bbq/6569372452.html,2BR,2Ba,995ft2,apartment,0,0,0,0,0,0,0,9,247,https://sfbay.craigslist.org/nby/apa/d/pool-side-community-bbq/6569372452.html
https://sfbay.craigslist.org/nby/apa/d/private-3-bedroom-2-bath-home/6565735823.html,3BR,2Ba,1398ft2,house,5,2,1,1,0,1,0,19,66,https://sfbay.craigslist.org/nby/apa/d/private-3-bedroom-2-bath-home/6565735823.html
https://sfbay.craigslist.org/nby/apa/d/private-mill-valley-3br/6563729629.html,3BR,1Ba,available may 8,house,4,2,0,0,0,0,0,10,157,https://sfbay.craigslist.org/nby/apa/d/private-mill-valley-3br/6563729629.html
https://sfbay.craigslist.org/nby/apa/d/public-transportation-quartz/6569419250.html,2BR,2Ba,1021ft2,apartment,0,0,0,0,0,0,0,9,245,https://sfbay.craigslist.org/nby/apa/d/public-transportation-quartz/6569419250.html
https://sfbay.craigslist.org/nby/apa/d/quaint-and-cozy-lower-in/6569081197.html,1BR,1Ba,475ft2,duplex,4,2,0,0,0,1,0,6,169,https://sfbay.craigslist.org/nby/apa/d/quaint-and-cozy-lower-in/6569081197.html
https://sfbay.craigslist.org/nby/apa/d/quartz-countertops-soothing/6567513519.html,2BR,2Ba,995ft2,apartment,0,0,0,0,0,0,0,9,253,https://sfbay.craigslist.org/nby/apa/d/quartz-countertops-soothing/6567513519.html
https://sfbay.craigslist.org/nby/apa/d/quiet-secluded-country-studio/6569508935.html,0BR,1Ba,available mar 12,cottage/cabin,5,4,1,0,0,0,0,10,62,https://sfbay.craigslist.org/nby/apa/d/quiet-secluded-country-studio/6569508935.html
https://sfbay.craigslist.org/nby/apa/d/ready-soon-an-easy-commute/6543690677.html,2BR,1Ba,available apr 24,apartment,2,2,1,1,0,1,0,12,392,https://sfbay.craigslist.org/nby/apa/d/ready-soon-an-easy-commute/6543690677.html
https://sfbay.craigslist.org/nby/apa/d/ready-to-move-in-asap-ask-us/6569254094.html,3BR,2Ba,1400ft2,apartment,5,0,1,1,0,1,0,16,273,https://sfbay.craigslist.org/nby/apa/d/ready-to-move-in-asap-ask-us/6569254094.html
https://sfbay.craigslist.org/nby/apa/d/recently-remodeled-2-br-apt/6557474566.html,2BR,1Ba,731ft2,apartment,2,2,1,0,0,1,0,19,364,https://sfbay.craigslist.org/nby/apa/d/recently-remodeled-2-br-apt/6557474566.html
https://sfbay.craigslist.org/nby/apa/d/relax-in-one-of-our-atrium/6569424763.html,2BR,2Ba,1367ft2,apartment,5,2,1,1,0,1,0,13,171,https://sfbay.craigslist.org/nby/apa/d/relax-in-one-of-our-atrium/6569424763.html
https://sfbay.craigslist.org/nby/apa/d/remodeled-san-marin-duet-3/6569048631.html,3BR,2Ba,1306ft2,house,5,6,0,0,0,0,0,9,65,https://sfbay.craigslist.org/nby/apa/d/remodeled-san-marin-duet-3/6569048631.html
https://sfbay.craigslist.org/nby/apa/d/remodeled-three-bedroom-two/6549913938.html,3BR,2Ba,1577ft2,house,4,2,1,1,0,1,0,24,245,https://sfbay.craigslist.org/nby/apa/d/remodeled-three-bedroom-two/6549913938.html
https://sfbay.craigslist.org/nby/apa/d/rent-or-buy-nice-single/6569081234.html,3BR,2.5Ba,1652ft2,house,3,6,0,0,0,1,0,19,175,https://sfbay.craigslist.org/nby/apa/d/rent-or-buy-nice-single/6569081234.html
https://sfbay.craigslist.org/nby/apa/d/rental-for-nature/6568957335.html,3BR,3.5Ba,3000ft2,house,2,4,1,1,1,0,0,10,393,https://sfbay.craigslist.org/nby/apa/d/rental-for-nature/6568957335.html
https://sfbay.craigslist.org/nby/apa/d/sausalito-4-bedroom-home/6568842749.html,4BR,2.5Ba,available jun 1,house,5,6,0,0,1,1,0,23,118,https://sfbay.craigslist.org/nby/apa/d/sausalito-4-bedroom-home/6568842749.html
https://sfbay.craigslist.org/nby/apa/d/sausalito-4bd-2ba-home-harbor/6554447895.html,4BR,2Ba,2850ft2,house,5,6,0,1,1,1,0,16,625,https://sfbay.craigslist.org/nby/apa/d/sausalito-4bd-2ba-home-harbor/6554447895.html
https://sfbay.craigslist.org/nby/apa/d/scenic-view-faux-wood/6559321569.html,2BR,2Ba,1079ft2,apartment,0,0,0,0,0,0,0,9,237,https://sfbay.craigslist.org/nby/apa/d/scenic-view-faux-wood/6559321569.html
https://sfbay.craigslist.org/nby/apa/d/second-floor-1x1-den-washer/6569196007.html,1BR,1Ba,835ft2,apartment,5,0,1,1,0,1,0,8,400,https://sfbay.craigslist.org/nby/apa/d/second-floor-1x1-den-washer/6569196007.html
https://sfbay.craigslist.org/nby/apa/d/single-family-home-available/6563880284.html,3BR,2.5Ba,2039ft2,house,3,6,0,0,0,1,0,5,225,https://sfbay.craigslist.org/nby/apa/d/single-family-home-available/6563880284.html
https://sfbay.craigslist.org/nby/apa/d/situated-on-lushly-landscaped/6569135287.html,2BR,1Ba,790ft2,apartment,2,4,1,1,0,1,0,6,178,https://sfbay.craigslist.org/nby/apa/d/situated-on-lushly-landscaped/6569135287.html
https://sfbay.craigslist.org/nby/apa/d/sonoma-country-home/6553763614.html,3BR,3.5Ba,2994ft2,house,3,6,1,1,0,1,0,23,309,https://sfbay.craigslist.org/nby/apa/d/sonoma-country-home/6553763614.html
https://sfbay.craigslist.org/nby/apa/d/soothing-spa-carpeting-high/6567546769.html,3BR,2Ba,1156ft2,apartment,0,0,0,0,0,0,0,9,251,https://sfbay.craigslist.org/nby/apa/d/soothing-spa-carpeting-high/6567546769.html
https://sfbay.craigslist.org/nby/apa/d/soothing-spa-plank-flooring/6569380942.html,1BR,1Ba,686ft2,apartment,2,4,1,1,0,1,1,20,327,https://sfbay.craigslist.org/nby/apa/d/soothing-spa-plank-flooring/6569380942.html
https://sfbay.craigslist.org/nby/apa/d/sophisticated-remodeled-4bd/6564866553.html,4BR,2Ba,1942ft2,house,5,0,0,0,0,0,0,20,100,https://sfbay.craigslist.org/nby/apa/d/sophisticated-remodeled-4bd/6564866553.html
https://sfbay.craigslist.org/nby/apa/d/spacious-1-and-2-bedroom-apts/6569176227.html,1BR,1Ba,686ft2,apartment,2,4,1,1,0,1,1,18,305,https://sfbay.craigslist.org/nby/apa/d/spacious-1-and-2-bedroom-apts/6569176227.html
https://sfbay.craigslist.org/nby/apa/d/spacious-2-bed-15-bath/6549354668.html,2BR,1.5Ba,available apr 18,apartment,2,4,1,1,0,1,0,14,311,https://sfbay.craigslist.org/nby/apa/d/spacious-2-bed-15-bath/6549354668.html
https://sfbay.craigslist.org/nby/apa/d/spacious-2-bedroom-on-the/6559218501.html,2BR,2Ba,1210ft2,apartment,5,4,1,1,0,1,0,9,244,https://sfbay.craigslist.org/nby/apa/d/spacious-2-bedroom-on-the/6559218501.html
https://sfbay.craigslist.org/nby/apa/d/spacious-2-bedroom-with/6559983008.html,2BR,2Ba,1011ft2,apartment,5,6,1,0,0,1,1,5,128,https://sfbay.craigslist.org/nby/apa/d/spacious-2-bedroom-with/6559983008.html
https://sfbay.craigslist.org/nby/apa/d/spacious-apartments-in/6564047403.html,2BR,1Ba,1028ft2,townhouse,5,3,1,1,0,1,1,8,122,https://sfbay.craigslist.org/nby/apa/d/spacious-apartments-in/6564047403.html
https://sfbay.craigslist.org/nby/apa/d/spacious-bright-3-bdrm-napa/6560173418.html,3BR,2.5Ba,1400ft2,condo,5,6,0,0,0,1,0,13,285,https://sfbay.craigslist.org/nby/apa/d/spacious-bright-3-bdrm-napa/6560173418.html
https://sfbay.craigslist.org/nby/apa/d/spacious-elegant-home-bay/6562095756.html,3BR,2.5Ba,2800ft2,house,5,2,0,0,0,1,0,24,180,https://sfbay.craigslist.org/nby/apa/d/spacious-elegant-home-bay/6562095756.html
https://sfbay.craigslist.org/nby/apa/d/spacious-one-bedroom-barn-in/6553989659.html,1BR,1Ba,available apr 6,cottage/cabin,2,2,1,0,0,0,0,16,119,https://sfbay.craigslist.org/nby/apa/d/spacious-one-bedroom-barn-in/6553989659.html
https://sfbay.craigslist.org/nby/apa/d/spacious-patio-updated-unit/6564748165.html,2BR,1.5Ba,900ft2,apartment,2,4,0,0,0,1,0,5,184,https://sfbay.craigslist.org/nby/apa/d/spacious-patio-updated-unit/6564748165.html
https://sfbay.craigslist.org/nby/apa/d/spacious-two-bedroom-duplex/6549894598.html,2BR,1Ba,available may 1,duplex,3,6,0,0,0,0,0,8,107,https://sfbay.craigslist.org/nby/apa/d/spacious-two-bedroom-duplex/6549894598.html
https://sfbay.craigslist.org/nby/apa/d/spacious-walk-in-closet/6569165668.html,1BR,1Ba,650ft2,apartment,0,0,0,0,0,0,0,9,242,https://sfbay.craigslist.org/nby/apa/d/spacious-walk-in-closet/6569165668.html
https://sfbay.craigslist.org/nby/apa/d/spectacular-single-level/6556470984.html,3BR,2Ba,1600ft2,house,3,6,0,0,0,1,0,14,330,https://sfbay.craigslist.org/nby/apa/d/spectacular-single-level/6556470984.html
https://sfbay.craigslist.org/nby/apa/d/st-helena-home-with-fantastic/6569269278.html,3BR,2Ba,available apr 23,house,3,6,0,0,0,1,0,17,117,https://sfbay.craigslist.org/nby/apa/d/st-helena-home-with-fantastic/6569269278.html
https://sfbay.craigslist.org/nby/apa/d/st-helena-location/6569434204.html,1BR,1Ba,available may 7,cottage/cabin,2,2,0,0,0,0,0,4,28,https://sfbay.craigslist.org/nby/apa/d/st-helena-location/6569434204.html
https://sfbay.craigslist.org/nby/apa/d/stainless-steel-appliances/6569183619.html,2BR,2Ba,908ft2,apartment,2,4,1,1,0,1,1,21,296,https://sfbay.craigslist.org/nby/apa/d/stainless-steel-appliances/6569183619.html
https://sfbay.craigslist.org/nby/apa/d/stop-look-lease-1-bedroom-1/6566093045.html,1BR,1Ba,571ft2,apartment,2,2,1,1,0,1,0,5,166,https://sfbay.craigslist.org/nby/apa/d/stop-look-lease-1-bedroom-1/6566093045.html
https://sfbay.craigslist.org/nby/apa/d/studio-in-beautiful-colonial/6566746936.html,0BR,1Ba,available may 1,apartment,4,3,1,0,0,1,0,7,366,https://sfbay.craigslist.org/nby/apa/d/studio-in-beautiful-colonial/6566746936.html
https://sfbay.craigslist.org/nby/apa/d/stunning-2-story-vintana-home/6559060594.html,3BR,2.5Ba,2000ft2,house,5,6,0,1,0,1,0,15,205,https://sfbay.craigslist.org/nby/apa/d/stunning-2-story-vintana-home/6559060594.html
https://sfbay.craigslist.org/nby/apa/d/stunning-san-francisco-views/6567005362.html,3BR,2Ba,2300ft2,house,4,6,1,1,1,1,0,24,265,https://sfbay.craigslist.org/nby/apa/d/stunning-san-francisco-views/6567005362.html
https://sfbay.craigslist.org/nby/apa/d/stunning-short-term-lease/6564801178.html,3BR,2Ba,2200ft2,house,5,2,0,0,1,1,0,19,97,https://sfbay.craigslist.org/nby/apa/d/stunning-short-term-lease/6564801178.html
https://sfbay.craigslist.org/nby/apa/d/stunning-single-family-home/6557595787.html,2BR,2.5Ba,1504ft2,house,5,0,0,0,0,1,0,8,103,https://sfbay.craigslist.org/nby/apa/d/stunning-single-family-home/6557595787.html
https://sfbay.craigslist.org/nby/apa/d/stunning-views-decks-and-hot/6569392397.html,4BR,3.5Ba,3200ft2,house,5,6,1,1,0,1,0,24,333,https://sfbay.craigslist.org/nby/apa/d/stunning-views-decks-and-hot/6569392397.html
https://sfbay.craigslist.org/nby/apa/d/summer-is-right-around-the/6569323719.html,1BR,1Ba,763ft2,apartment,5,4,1,1,0,1,0,14,386,https://sfbay.craigslist.org/nby/apa/d/summer-is-right-around-the/6569323719.html
https://sfbay.craigslist.org/nby/apa/d/sun-filled-panaramic-views/6565563088.html,1BR,1Ba,available may 8,apartment,5,4,1,1,0,1,0,12,305,https://sfbay.craigslist.org/nby/apa/d/sun-filled-panaramic-views/6565563088.html
https://sfbay.craigslist.org/nby/apa/d/sunny-upstairs-guerneville/6557597978.html,0BR,1Ba,available apr 10,duplex,2,0,0,0,0,0,0,8,304,https://sfbay.craigslist.org/nby/apa/d/sunny-upstairs-guerneville/6557597978.html
https://sfbay.craigslist.org/nby/apa/d/sunny-upstairs-unit-in/6557593171.html,2BR,1Ba,available apr 10,duplex,3,0,0,0,0,0,0,11,318,https://sfbay.craigslist.org/nby/apa/d/sunny-upstairs-unit-in/6557593171.html
https://sfbay.craigslist.org/nby/apa/d/sweet-unique-2-bedroom-sonoma/6568870974.html,2BR,1Ba,1000ft2,apartment,5,6,0,0,0,1,0,18,143,https://sfbay.craigslist.org/nby/apa/d/sweet-unique-2-bedroom-sonoma/6568870974.html
https://sfbay.craigslist.org/nby/apa/d/take-advantage-of-our-special/6569075176.html,1BR,1Ba,available apr 23,apartment,4,2,1,1,1,1,1,6,278,https://sfbay.craigslist.org/nby/apa/d/take-advantage-of-our-special/6569075176.html
https://sfbay.craigslist.org/nby/apa/d/tastefully-remodeled-condo/6559876003.html,2BR,2Ba,1300ft2,condo,5,4,0,0,1,1,0,14,228,https://sfbay.craigslist.org/nby/apa/d/tastefully-remodeled-condo/6559876003.html
https://sfbay.craigslist.org/nby/apa/d/tear-drop-lighting-stainless/6565806581.html,2BR,2Ba,1210ft2,apartment,5,4,1,1,0,1,0,8,235,https://sfbay.craigslist.org/nby/apa/d/tear-drop-lighting-stainless/6565806581.html
https://sfbay.craigslist.org/nby/apa/d/the-best-location-in-all-of/6549371316.html,1BR,1Ba,available apr 19,apartment,2,2,1,1,0,1,0,11,278,https://sfbay.craigslist.org/nby/apa/d/the-best-location-in-all-of/6549371316.html
https://sfbay.craigslist.org/nby/apa/d/the-grateful-nest/6564694391.html,4BR,3.5Ba,3400ft2,house,5,5,1,1,1,1,0,19,689,https://sfbay.craigslist.org/nby/apa/d/the-grateful-nest/6564694391.html
https://sfbay.craigslist.org/nby/apa/d/the-vineyard-luxury/6566885349.html,1BR,1Ba,661ft2,apartment,2,3,1,1,0,1,1,8,123,https://sfbay.craigslist.org/nby/apa/d/the-vineyard-luxury/6566885349.html
https://sfbay.craigslist.org/nby/apa/d/the-vineyard-luxury/6569346225.html,2BR,1.5Ba,1028ft2,apartment,2,3,1,1,0,1,1,8,123,https://sfbay.craigslist.org/nby/apa/d/the-vineyard-luxury/6569346225.html
https://sfbay.craigslist.org/nby/apa/d/third-floor-2x2-washer-dryer/6569206208.html,2BR,2Ba,1215ft2,apartment,4,0,1,1,0,1,0,7,396,https://sfbay.craigslist.org/nby/apa/d/third-floor-2x2-washer-dryer/6569206208.html
https://sfbay.craigslist.org/nby/apa/d/this-ground-floor-patio-is/6543097663.html,2BR,1.5Ba,available apr 25,apartment,2,4,1,1,0,1,0,14,343,https://sfbay.craigslist.org/nby/apa/d/this-ground-floor-patio-is/6543097663.html
https://sfbay.craigslist.org/nby/apa/d/three-bedroom-two-bathroom/6569393428.html,3BR,2Ba,1330ft2,apartment,5,4,1,1,0,0,0,5,291,https://sfbay.craigslist.org/nby/apa/d/three-bedroom-two-bathroom/6569393428.html
https://sfbay.craigslist.org/nby/apa/d/tile-backsplash-package/6567454921.html,1BR,1Ba,650ft2,apartment,0,0,0,0,0,0,0,9,241,https://sfbay.craigslist.org/nby/apa/d/tile-backsplash-package/6567454921.html
https://sfbay.craigslist.org/nby/apa/d/top-floor-1br-with-panoramic/6568875504.html,1BR,1Ba,700ft2,apartment,2,4,1,1,0,0,0,8,170,https://sfbay.craigslist.org/nby/apa/d/top-floor-1br-with-panoramic/6568875504.html
https://sfbay.craigslist.org/nby/apa/d/top-floor-waterfront-view/6564313666.html,2BR,2Ba,1545ft2,condo,5,4,0,0,0,1,0,24,534,https://sfbay.craigslist.org/nby/apa/d/top-floor-waterfront-view/6564313666.html
https://sfbay.craigslist.org/nby/apa/d/townhouse-in-the-heart-of/6569138132.html,3BR,2Ba,1488ft2,townhouse,5,6,0,1,0,1,0,18,95,https://sfbay.craigslist.org/nby/apa/d/townhouse-in-the-heart-of/6569138132.html
https://sfbay.craigslist.org/nby/apa/d/tranquil-mountain-retreat/6562856132.html,3BR,3Ba,1800ft2,house,5,6,1,1,0,1,0,24,349,https://sfbay.craigslist.org/nby/apa/d/tranquil-mountain-retreat/6562856132.html
https://sfbay.craigslist.org/nby/apa/d/two-bedroom-one-bathroom/6545548365.html,2BR,1Ba,available jun 30,apartment,5,4,0,0,0,1,0,13,285,https://sfbay.craigslist.org/nby/apa/d/two-bedroom-one-bathroom/6545548365.html
https://sfbay.craigslist.org/nby/apa/d/updated-end-unit-in-desirable/6550853463.html,2BR,1.5Ba,1300ft2,condo,5,5,1,1,0,1,0,18,218,https://sfbay.craigslist.org/nby/apa/d/updated-end-unit-in-desirable/6550853463.html
https://sfbay.craigslist.org/nby/apa/d/updated-one-bedroom-in-tiburon/6568876744.html,1BR,0Ba,700ft2,apartment,2,4,1,1,0,0,0,11,155,https://sfbay.craigslist.org/nby/apa/d/updated-one-bedroom-in-tiburon/6568876744.html
https://sfbay.craigslist.org/nby/apa/d/updated-sonoma-home/6562978036.html,3BR,1.5Ba,available apr 16,house,3,6,1,1,0,1,0,17,153,https://sfbay.craigslist.org/nby/apa/d/updated-sonoma-home/6562978036.html
https://sfbay.craigslist.org/nby/apa/d/updated-two-bedroom-napa/6546435846.html,2BR,1Ba,available mar 29,apartment,0,0,0,0,0,0,0,8,110,https://sfbay.craigslist.org/nby/apa/d/updated-two-bedroom-napa/6546435846.html
https://sfbay.craigslist.org/nby/apa/d/upgraded-cottage-1-2-mile/6560991572.html,2BR,1Ba,available may 1,cottage/cabin,3,2,0,0,0,1,0,10,186,https://sfbay.craigslist.org/nby/apa/d/upgraded-cottage-1-2-mile/6560991572.html
https://sfbay.craigslist.org/nby/apa/d/upgraded-home-1-2-mile-west/6569284693.html,2BR,1Ba,1045ft2,house,3,2,0,0,0,1,0,12,200,https://sfbay.craigslist.org/nby/apa/d/upgraded-home-1-2-mile-west/6569284693.html
https://sfbay.craigslist.org/nby/apa/d/upstairs-unit-perfect-layout/6555831919.html,2BR,1.5Ba,available apr 21,apartment,2,4,1,1,0,1,0,11,323,https://sfbay.craigslist.org/nby/apa/d/upstairs-unit-perfect-layout/6555831919.html
https://sfbay.craigslist.org/nby/apa/d/very-cute-updated-duplex-unit/6565967343.html,1BR,1Ba,available jun 1,apartment,2,0,1,1,0,0,0,6,197,https://sfbay.craigslist.org/nby/apa/d/very-cute-updated-duplex-unit/6565967343.html
https://sfbay.craigslist.org/nby/apa/d/very-spacious-2-bedroom/6567113749.html,2BR,1.5Ba,available apr 23,apartment,5,6,1,0,0,1,0,18,88,https://sfbay.craigslist.org/nby/apa/d/very-spacious-2-bedroom/6567113749.html
https://sfbay.craigslist.org/nby/apa/d/view-home-country-club-san/6545893217.html,3BR,3Ba,available may 1,house,5,2,0,0,1,1,0,24,612,https://sfbay.craigslist.org/nby/apa/d/view-home-country-club-san/6545893217.html
https://sfbay.craigslist.org/nby/apa/d/vineyard-meadows-2-bedroom/6560440758.html,2BR,2.5Ba,available apr 13,apartment,0,0,0,0,0,0,0,7,143,https://sfbay.craigslist.org/nby/apa/d/vineyard-meadows-2-bedroom/6560440758.html
https://sfbay.craigslist.org/nby/apa/d/vintage-3-bedroom-home-in/6569064305.html,3BR,1Ba,available mar 15,house,3,4,0,0,0,0,0,21,79,https://sfbay.craigslist.org/nby/apa/d/vintage-3-bedroom-home-in/6569064305.html
https://sfbay.craigslist.org/nby/apa/d/walk-to-ferry-move-to/6569202171.html,1BR,1Ba,781ft2,apartment,5,4,1,1,0,1,1,6,338,https://sfbay.craigslist.org/nby/apa/d/walk-to-ferry-move-to/6569202171.html
https://sfbay.craigslist.org/nby/apa/d/washer-dryer-cathedral/6555670848.html,2BR,2Ba,1079ft2,apartment,0,0,0,0,0,0,0,9,233,https://sfbay.craigslist.org/nby/apa/d/washer-dryer-cathedral/6555670848.html
https://sfbay.craigslist.org/nby/apa/d/what-renovation-going-on-look/6555832325.html,2BR,2Ba,available apr 23,apartment,2,4,1,1,0,1,0,11,422,https://sfbay.craigslist.org/nby/apa/d/what-renovation-going-on-look/6555832325.html
https://sfbay.craigslist.org/nby/apa/d/why-live-in-an-apartment/6559633277.html,3BR,2Ba,1625ft2,house,5,2,1,1,0,1,0,21,207,https://sfbay.craigslist.org/nby/apa/d/why-live-in-an-apartment/6559633277.html
https://sfbay.craigslist.org/nby/apa/d/wonderful-ranch-style-3-bdrm/6565866091.html,3BR,1.5Ba,available mar 1,house,5,6,0,0,0,0,0,7,101,https://sfbay.craigslist.org/nby/apa/d/wonderful-ranch-style-3-bdrm/6565866091.html
https://sfbay.craigslist.org/nby/apa/d/youll-love-this-one-bedroom/6550750224.html,1BR,1Ba,available apr 21,apartment,2,2,0,0,0,0,0,12,271,https://sfbay.craigslist.org/nby/apa/d/youll-love-this-one-bedroom/6550750224.html
https://sfbay.craigslist.org/nby/apa/d/your-future-begins-here-in/6569341275.html,2BR,2.5Ba,available apr 23,apartment,5,6,1,1,0,1,0,24,297,https://sfbay.craigslist.org/nby/apa/d/your-future-begins-here-in/6569341275.html
https://sfbay.craigslist.org/nby/apa/d/zero-edge-swimming-pool/6569234370.html,2BR,2Ba,1367ft2,apartment,5,2,1,1,0,1,0,8,172,https://sfbay.craigslist.org/nby/apa/d/zero-edge-swimming-pool/6569234370.html