,bed,bath,sqft,type,lanudry,parking,cats,dogs,furnished,nosmoke,wheelchair,img,words,link
https://sfbay.craigslist.org/sby/apa/d/0-bed-1-bath-spacious-closet/6567654534.html,0BR , 1Ba,395ft2,apartment,0,0,0,0,0,0,0,9,174,https://sfbay.craigslist.org/sby/apa/d/0-bed-1-bath-spacious-closet/6567654534.html
https://sfbay.craigslist.org/sby/apa/d/1-2-off-1st-month-perfect/6567745937.html,2BR , 1Ba,1100ft2,apartment,4,4,0,0,0,0,0,10,226,https://sfbay.craigslist.org/sby/apa/d/1-2-off-1st-month-perfect/6567745937.html
https://sfbay.craigslist.org/sby/apa/d/1-2-off-first-months-rent/6567760337.html,2BR , 1Ba,1000ft2,apartment,4,4,0,0,0,0,0,3,226,https://sfbay.craigslist.org/sby/apa/d/1-2-off-first-months-rent/6567760337.html
https://sfbay.craigslist.org/sby/apa/d/1-bed-1-bath-beautiful/6567652563.html,1BR , 1Ba,665ft2,apartment,4,4,1,1,0,1,0,9,159,https://sfbay.craigslist.org/sby/apa/d/1-bed-1-bath-beautiful/6567652563.html
https://sfbay.craigslist.org/sby/apa/d/1-bed-1-bath-july-move/6567481809.html,1BR , 1Ba,600ft2,apartment,5,4,1,1,0,1,0,24,131,https://sfbay.craigslist.org/sby/apa/d/1-bed-1-bath-july-move/6567481809.html
https://sfbay.craigslist.org/sby/apa/d/1-bed-1-bath-pet-friendly-and/6565733181.html,1BR , 1Ba,665ft2,apartment,4,4,1,1,0,1,0,9,167,https://sfbay.craigslist.org/sby/apa/d/1-bed-1-bath-pet-friendly-and/6565733181.html
https://sfbay.craigslist.org/sby/apa/d/1-bed-1-bath-walk-to-westgate/6567748662.html,1BR , 1Ba,615ft2,apartment,4,4,0,0,0,1,0,8,153,https://sfbay.craigslist.org/sby/apa/d/1-bed-1-bath-walk-to-westgate/6567748662.html
https://sfbay.craigslist.org/sby/apa/d/1-bedroom-1-bath-apartment-no/6554547469.html,1BR , 1Ba,720ft2,apartment,2,4,1,1,0,1,0,13,234,https://sfbay.craigslist.org/sby/apa/d/1-bedroom-1-bath-apartment-no/6554547469.html
https://sfbay.craigslist.org/sby/apa/d/1-bedroom1-bathroomcreekside/6544381598.html,1BR , 1Ba,640ft2,apartment,2,4,0,0,0,0,0,5,279,https://sfbay.craigslist.org/sby/apa/d/1-bedroom1-bathroomcreekside/6544381598.html
https://sfbay.craigslist.org/sby/apa/d/1-br-remodeled-unit-ready-for/6561932480.html,1BR , 1Ba,available apr 15,apartment,4,4,0,0,0,0,0,6,45,https://sfbay.craigslist.org/sby/apa/d/1-br-remodeled-unit-ready-for/6561932480.html
https://sfbay.craigslist.org/sby/apa/d/1-story-park-in-front-of-your/6567352800.html,0BR , 1Ba,405ft2,apartment,2,2,1,1,0,0,0,5,258,https://sfbay.craigslist.org/sby/apa/d/1-story-park-in-front-of-your/6567352800.html
https://sfbay.craigslist.org/sby/apa/d/1000-off-at-move-in/6567575731.html,2BR , 1.5Ba,available apr 21,apartment,0,0,0,0,0,0,0,9,163,https://sfbay.craigslist.org/sby/apa/d/1000-off-at-move-in/6567575731.html
https://sfbay.craigslist.org/sby/apa/d/1000-off-bright-airy-3b-25b/6562565668.html,3BR , 2.5Ba,1543ft2,townhouse,5,6,1,0,0,0,0,10,250,https://sfbay.craigslist.org/sby/apa/d/1000-off-bright-airy-3b-25b/6562565668.html
https://sfbay.craigslist.org/sby/apa/d/1000-off-first-month-great/6567487920.html,2BR , 1Ba,800ft2,apartment,2,4,1,1,0,1,0,9,187,https://sfbay.craigslist.org/sby/apa/d/1000-off-first-month-great/6567487920.html
https://sfbay.craigslist.org/sby/apa/d/1000-off-first-month-newly/6567470623.html,1BR , 1Ba,500ft2,apartment,2,4,1,1,0,1,0,6,268,https://sfbay.craigslist.org/sby/apa/d/1000-off-first-month-newly/6567470623.html
https://sfbay.craigslist.org/sby/apa/d/1000-off-first-month-spacious/6567468334.html,1BR , 1Ba,available apr 21,apartment,2,4,1,1,0,1,0,14,271,https://sfbay.craigslist.org/sby/apa/d/1000-off-first-month-spacious/6567468334.html
https://sfbay.craigslist.org/sby/apa/d/1000-off-first-month/6567478777.html,1BR , 1Ba,600ft2,apartment,2,4,1,1,0,1,0,15,275,https://sfbay.craigslist.org/sby/apa/d/1000-off-first-month/6567478777.html
https://sfbay.craigslist.org/sby/apa/d/1500-off-on-this-wonderful-1b/6567647352.html,1BR , 1Ba,735ft2,apartment,5,4,1,1,0,1,0,4,221,https://sfbay.craigslist.org/sby/apa/d/1500-off-on-this-wonderful-1b/6567647352.html
https://sfbay.craigslist.org/sby/apa/d/1533-san-gabriel-way/6560891332.html,3BR , 2.5Ba,1672ft2,house,5,6,0,0,0,0,0,24,157,https://sfbay.craigslist.org/sby/apa/d/1533-san-gabriel-way/6560891332.html
https://sfbay.craigslist.org/sby/apa/d/160-kit-carson-ct-available/6560889971.html,3BR , 2Ba,1670ft2,house,5,6,0,0,0,1,0,24,149,https://sfbay.craigslist.org/sby/apa/d/160-kit-carson-ct-available/6560889971.html
https://sfbay.craigslist.org/sby/apa/d/1bath-luxury-apartment-fully/6567588439.html,1BR , 1Ba,1060ft2,apartment,5,0,0,0,0,1,0,10,203,https://sfbay.craigslist.org/sby/apa/d/1bath-luxury-apartment-fully/6567588439.html
https://sfbay.craigslist.org/sby/apa/d/1bath/6567615653.html,1BR , 1Ba,available apr 22,apartment,4,3,0,0,0,1,0,7,79,https://sfbay.craigslist.org/sby/apa/d/1bath/6567615653.html
https://sfbay.craigslist.org/sby/apa/d/1bd-1ba-upscale-condo-in/6565385990.html,1BR , 1Ba,658ft2,condo,5,4,1,1,0,1,0,11,273,https://sfbay.craigslist.org/sby/apa/d/1bd-1ba-upscale-condo-in/6565385990.html
https://sfbay.craigslist.org/sby/apa/d/1bd-1ba-upstairs-apartment-in/6567467163.html,1BR , 1Ba,550ft2,apartment,2,4,0,0,0,1,1,12,264,https://sfbay.craigslist.org/sby/apa/d/1bd-1ba-upstairs-apartment-in/6567467163.html
https://sfbay.craigslist.org/sby/apa/d/1bd-1bth-renov-lrge-private/6552094584.html,1BR , 1Ba,875ft2,apartment,2,6,1,1,0,1,0,6,148,https://sfbay.craigslist.org/sby/apa/d/1bd-1bth-renov-lrge-private/6552094584.html
https://sfbay.craigslist.org/sby/apa/d/1bed-1-ba-available-now/6567546940.html,1BR , 1Ba,850ft2,apartment,5,5,1,0,1,1,0,8,424,https://sfbay.craigslist.org/sby/apa/d/1bed-1-ba-available-now/6567546940.html
https://sfbay.craigslist.org/sby/apa/d/1bed-1bath-with-amazing/6567546516.html,1BR , 1Ba,701ft2,apartment,5,5,1,1,0,1,0,13,294,https://sfbay.craigslist.org/sby/apa/d/1bed-1bath-with-amazing/6567546516.html
https://sfbay.craigslist.org/sby/apa/d/1bedroom-1bathroom-lease-here/6567681840.html,1BR , 1Ba,690ft2,apartment,5,4,1,1,0,1,0,13,245,https://sfbay.craigslist.org/sby/apa/d/1bedroom-1bathroom-lease-here/6567681840.html
https://sfbay.craigslist.org/sby/apa/d/1br-1ba-apt-lots-of-closets/6565693978.html,1BR , 1Ba,575ft2,apartment,2,4,1,0,0,0,0,9,262,https://sfbay.craigslist.org/sby/apa/d/1br-1ba-apt-lots-of-closets/6565693978.html
https://sfbay.craigslist.org/sby/apa/d/1br-apt-brand-new-appliances/6565524359.html,1BR , 1Ba,684ft2,apartment,2,4,1,0,0,0,0,12,231,https://sfbay.craigslist.org/sby/apa/d/1br-apt-brand-new-appliances/6565524359.html
https://sfbay.craigslist.org/sby/apa/d/1br1b-remarkable-value/6567542199.html,1BR , 1Ba,671ft2,apartment,5,4,1,1,0,1,1,8,198,https://sfbay.craigslist.org/sby/apa/d/1br1b-remarkable-value/6567542199.html
https://sfbay.craigslist.org/sby/apa/d/1x1-enjoy-the-beauty-of-san/6567669875.html,1BR , 1Ba,675ft2,apartment,2,4,0,0,0,1,0,5,69,https://sfbay.craigslist.org/sby/apa/d/1x1-enjoy-the-beauty-of-san/6567669875.html
https://sfbay.craigslist.org/sby/apa/d/1x1-now-available-steps-from/6567718751.html,1BR , 1Ba,900ft2,apartment,5,6,1,1,0,1,1,11,164,https://sfbay.craigslist.org/sby/apa/d/1x1-now-available-steps-from/6567718751.html
https://sfbay.craigslist.org/sby/apa/d/1x1-town-house-downstairs/6561476874.html,1BR , 1Ba,770ft2,townhouse,2,6,0,0,0,1,0,10,156,https://sfbay.craigslist.org/sby/apa/d/1x1-town-house-downstairs/6561476874.html
https://sfbay.craigslist.org/sby/apa/d/2-bed-1-bath-open-now-serene/6560009520.html,2BR , 1Ba,960ft2,apartment,5,4,0,0,0,1,0,12,274,https://sfbay.craigslist.org/sby/apa/d/2-bed-1-bath-open-now-serene/6560009520.html
https://sfbay.craigslist.org/sby/apa/d/2-bed-2-bath-1-story-house/6567693569.html,3BR , 2.5Ba,1080ft2,house,5,5,1,1,0,1,0,8,143,https://sfbay.craigslist.org/sby/apa/d/2-bed-2-bath-1-story-house/6567693569.html
https://sfbay.craigslist.org/sby/apa/d/2-bed-2-bath-courtyard-view/6567706652.html,2BR , 2Ba,850ft2,apartment,5,4,1,1,0,1,0,24,115,https://sfbay.craigslist.org/sby/apa/d/2-bed-2-bath-courtyard-view/6567706652.html
https://sfbay.craigslist.org/sby/apa/d/2-bed-2-bath-garage-parking-2/6563790397.html,2BR , 2Ba,1052ft2,apartment,5,5,1,1,0,1,0,3,121,https://sfbay.craigslist.org/sby/apa/d/2-bed-2-bath-garage-parking-2/6563790397.html
https://sfbay.craigslist.org/sby/apa/d/2-bed-2-bath-move-in-now/6567634798.html,2BR , 2Ba,850ft2,apartment,5,4,1,1,0,1,0,24,109,https://sfbay.craigslist.org/sby/apa/d/2-bed-2-bath-move-in-now/6567634798.html
https://sfbay.craigslist.org/sby/apa/d/2-bedroom-2-bathroom-ready/6567705426.html,2BR , 2Ba,1061ft2,apartment,5,5,1,1,0,0,0,9,356,https://sfbay.craigslist.org/sby/apa/d/2-bedroom-2-bathroom-ready/6567705426.html
https://sfbay.craigslist.org/sby/apa/d/2-bedroom-available-for/6567582324.html,2BR , 2Ba,850ft2,apartment,2,4,1,1,0,0,0,6,219,https://sfbay.craigslist.org/sby/apa/d/2-bedroom-available-for/6567582324.html
https://sfbay.craigslist.org/sby/apa/d/2-beds-1-bath-next-to-apple/6565239915.html,2BR , 1Ba,850ft2,apartment,4,4,0,0,0,1,0,10,192,https://sfbay.craigslist.org/sby/apa/d/2-beds-1-bath-next-to-apple/6565239915.html
https://sfbay.craigslist.org/sby/apa/d/2-story-townhome-2-extra/6549526618.html,2BR , 2.5Ba,available apr 8,townhouse,5,6,1,1,0,0,0,13,126,https://sfbay.craigslist.org/sby/apa/d/2-story-townhome-2-extra/6549526618.html
https://sfbay.craigslist.org/sby/apa/d/2-year-new-single-family-home/6567418689.html,4BR , 2.5Ba,1770ft2,house,5,6,0,0,0,1,0,22,513,https://sfbay.craigslist.org/sby/apa/d/2-year-new-single-family-home/6567418689.html
https://sfbay.craigslist.org/sby/apa/d/2000-move-in-special/6562079876.html,3BR , 2.5Ba,1630ft2,duplex,5,6,0,0,0,1,0,17,136,https://sfbay.craigslist.org/sby/apa/d/2000-move-in-special/6562079876.html
https://sfbay.craigslist.org/sby/apa/d/2250-2br-completely-remodeled/6562019454.html,2BR , 1Ba,800ft2,duplex,5,6,1,1,0,0,0,7,118,https://sfbay.craigslist.org/sby/apa/d/2250-2br-completely-remodeled/6562019454.html
https://sfbay.craigslist.org/sby/apa/d/2295-1br-711ft2-modern-1br/6557091900.html,1BR , 1Ba,711ft2,apartment,2,4,1,1,0,1,0,8,278,https://sfbay.craigslist.org/sby/apa/d/2295-1br-711ft2-modern-1br/6557091900.html
https://sfbay.craigslist.org/sby/apa/d/25-bath-designer-features/6567722547.html,3BR , 2.5Ba,1400ft2,townhouse,5,6,0,0,0,1,0,13,142,https://sfbay.craigslist.org/sby/apa/d/25-bath-designer-features/6567722547.html
https://sfbay.craigslist.org/sby/apa/d/25-bath-townhouse-hw-floors/6562742596.html,3BR , 2.5Ba,1305ft2,condo,3,4,0,0,0,1,0,9,71,https://sfbay.craigslist.org/sby/apa/d/25-bath-townhouse-hw-floors/6562742596.html
https://sfbay.craigslist.org/sby/apa/d/250-off-1st-month-1-bed-1/6567400416.html,1BR , 1Ba,643ft2,apartment,5,4,1,0,0,0,0,12,137,https://sfbay.craigslist.org/sby/apa/d/250-off-1st-month-1-bed-1/6567400416.html
https://sfbay.craigslist.org/sby/apa/d/250-off-1st-month-1-bed-1/6567501550.html,1BR , 1Ba,643ft2,apartment,5,4,1,0,0,0,0,13,137,https://sfbay.craigslist.org/sby/apa/d/250-off-1st-month-1-bed-1/6567501550.html
https://sfbay.craigslist.org/sby/apa/d/250-off-1st-month-1-bed-1/6567517463.html,1BR , 1Ba,715ft2,apartment,5,4,1,0,0,0,0,14,137,https://sfbay.craigslist.org/sby/apa/d/250-off-1st-month-1-bed-1/6567517463.html
https://sfbay.craigslist.org/sby/apa/d/250-off-1st-month-1-bed-1/6567744723.html,1BR , 1Ba,715ft2,apartment,5,4,1,0,0,0,0,14,137,https://sfbay.craigslist.org/sby/apa/d/250-off-1st-month-1-bed-1/6567744723.html
https://sfbay.craigslist.org/sby/apa/d/2b-2b-luxury-apt-in-mtn-view/6567454922.html,2BR , 2Ba,1152ft2,apartment,5,6,1,1,0,1,0,10,224,https://sfbay.craigslist.org/sby/apa/d/2b-2b-luxury-apt-in-mtn-view/6567454922.html
https://sfbay.craigslist.org/sby/apa/d/2b1b-apartment-ground-floor/6567622706.html,2BR , 2Ba,900ft2,apartment,5,4,1,1,0,1,0,10,291,https://sfbay.craigslist.org/sby/apa/d/2b1b-apartment-ground-floor/6567622706.html
https://sfbay.craigslist.org/sby/apa/d/2b1b-does-your-apartment-have/6567785091.html,2BR , 1Ba,918ft2,apartment,5,0,1,1,0,1,0,21,440,https://sfbay.craigslist.org/sby/apa/d/2b1b-does-your-apartment-have/6567785091.html
https://sfbay.craigslist.org/sby/apa/d/2ba-units-in-clean-quiet-bldg/6567710086.html,2BR , 2Ba,870ft2,apartment,2,4,1,0,0,0,0,21,133,https://sfbay.craigslist.org/sby/apa/d/2ba-units-in-clean-quiet-bldg/6567710086.html
https://sfbay.craigslist.org/sby/apa/d/2bath-fully-furnished-luxury/6567587003.html,2BR , 2Ba,1060ft2,apartment,5,0,0,1,0,0,0,15,203,https://sfbay.craigslist.org/sby/apa/d/2bath-fully-furnished-luxury/6567587003.html
https://sfbay.craigslist.org/sby/apa/d/2bd-1ba-newly-renovated/6567389240.html,2BR , 1Ba,850ft2,apartment,2,4,0,0,0,1,0,17,532,https://sfbay.craigslist.org/sby/apa/d/2bd-1ba-newly-renovated/6567389240.html
https://sfbay.craigslist.org/sby/apa/d/2bd-2bath-santa-clara-condo/6556847870.html,2BR , 2Ba,980ft2,condo,5,4,0,0,0,1,0,13,203,https://sfbay.craigslist.org/sby/apa/d/2bd-2bath-santa-clara-condo/6556847870.html
https://sfbay.craigslist.org/sby/apa/d/2bed-1bath-high-ceiling-pergo/6567685616.html,2BR , 1Ba,1050ft2,apartment,4,4,0,0,0,1,0,6,181,https://sfbay.craigslist.org/sby/apa/d/2bed-1bath-high-ceiling-pergo/6567685616.html
https://sfbay.craigslist.org/sby/apa/d/2bed-1bath-upstairs-high/6567681679.html,2BR , 1Ba,900ft2,apartment,2,4,0,0,0,1,0,6,108,https://sfbay.craigslist.org/sby/apa/d/2bed-1bath-upstairs-high/6567681679.html
https://sfbay.craigslist.org/sby/apa/d/2bed-2bathupstairswalk-to/6567739126.html,2BR , 2Ba,1040ft2,apartment,4,4,0,0,0,1,0,7,87,https://sfbay.craigslist.org/sby/apa/d/2bed-2bathupstairswalk-to/6567739126.html
https://sfbay.craigslist.org/sby/apa/d/2br-1-ba-nice-quiet-pets/6567356960.html,2BR , 1Ba,940ft2,apartment,4,4,1,1,0,1,0,6,336,https://sfbay.craigslist.org/sby/apa/d/2br-1-ba-nice-quiet-pets/6567356960.html
https://sfbay.craigslist.org/sby/apa/d/2br-1ba-apartment-for-lease/6567497665.html,2BR , 1Ba,801ft2,apartment,2,4,1,1,0,1,0,3,190,https://sfbay.craigslist.org/sby/apa/d/2br-1ba-apartment-for-lease/6567497665.html
https://sfbay.craigslist.org/sby/apa/d/2br-1ba-apartment-with-access/6567526194.html,2BR , 1Ba,845ft2,apartment,2,4,1,1,0,1,0,8,205,https://sfbay.craigslist.org/sby/apa/d/2br-1ba-apartment-with-access/6567526194.html
https://sfbay.craigslist.org/sby/apa/d/2br-2ba-apt-access-to-an/6567539594.html,2BR , 2Ba,950ft2,apartment,5,0,1,1,0,1,0,10,405,https://sfbay.craigslist.org/sby/apa/d/2br-2ba-apt-access-to-an/6567539594.html
https://sfbay.craigslist.org/sby/apa/d/2x2-loft-house-beautiful-view/6567614378.html,2BR , 2Ba,1053ft2,apartment,5,6,0,0,0,0,0,6,403,https://sfbay.craigslist.org/sby/apa/d/2x2-loft-house-beautiful-view/6567614378.html
https://sfbay.craigslist.org/sby/apa/d/2x2-walk-in-closets-natural/6567482189.html,2BR , 2Ba,1091ft2,apartment,0,0,1,1,1,1,1,6,378,https://sfbay.craigslist.org/sby/apa/d/2x2-walk-in-closets-natural/6567482189.html
https://sfbay.craigslist.org/sby/apa/d/3-bed-3-full-bath-townhome/6567665593.html,3BR , 3Ba,available jun 1,townhouse,5,6,0,0,0,0,0,3,105,https://sfbay.craigslist.org/sby/apa/d/3-bed-3-full-bath-townhome/6567665593.html
https://sfbay.craigslist.org/sby/apa/d/300-off-first-months-rent-and/6567724759.html,2BR , 2Ba,1206ft2,apartment,5,5,1,1,0,1,0,9,210,https://sfbay.craigslist.org/sby/apa/d/300-off-first-months-rent-and/6567724759.html
https://sfbay.craigslist.org/sby/apa/d/361-condon-court-available-now/6560890545.html,3BR , 2Ba,1130ft2,house,5,6,0,0,0,1,0,6,119,https://sfbay.craigslist.org/sby/apa/d/361-condon-court-available-now/6560890545.html
https://sfbay.craigslist.org/sby/apa/d/362-adeline-ave-awesome-home/6555736033.html,3BR , 2.5Ba,1721ft2,townhouse,5,6,0,0,0,1,0,23,175,https://sfbay.craigslist.org/sby/apa/d/362-adeline-ave-awesome-home/6555736033.html
https://sfbay.craigslist.org/sby/apa/d/3brbrand-new-modern-luxury/6567589504.html,3BR , 3Ba,1800ft2,apartment,5,5,1,1,1,1,0,9,203,https://sfbay.craigslist.org/sby/apa/d/3brbrand-new-modern-luxury/6567589504.html
https://sfbay.craigslist.org/sby/apa/d/4-bd-3-ba-first-time-rental/6561695654.html,4BR , 3Ba,2400ft2,house,2,5,1,1,0,0,0,12,205,https://sfbay.craigslist.org/sby/apa/d/4-bd-3-ba-first-time-rental/6561695654.html
https://sfbay.craigslist.org/sby/apa/d/4br-25ba-updated-endunit/6567539635.html,4BR , 2.5Ba,1800ft2,townhouse,5,5,0,0,0,1,0,4,227,https://sfbay.craigslist.org/sby/apa/d/4br-25ba-updated-endunit/6567539635.html
https://sfbay.craigslist.org/sby/apa/d/4th-floor-corner-home-with/6557991765.html,1BR , 1Ba,737ft2,apartment,5,5,1,1,0,1,1,20,327,https://sfbay.craigslist.org/sby/apa/d/4th-floor-corner-home-with/6557991765.html
https://sfbay.craigslist.org/sby/apa/d/5-bedroom-35-bath-with-2/6567764469.html,5BR , 3.5Ba,2200ft2,house,5,6,0,0,0,1,0,11,212,https://sfbay.craigslist.org/sby/apa/d/5-bedroom-35-bath-with-2/6567764469.html
https://sfbay.craigslist.org/sby/apa/d/500-off-1st-month-2-bed-1/6567403835.html,2BR , 1Ba,935ft2,apartment,5,4,1,0,0,0,0,7,132,https://sfbay.craigslist.org/sby/apa/d/500-off-1st-month-2-bed-1/6567403835.html
https://sfbay.craigslist.org/sby/apa/d/500-off-1st-month-2-bed-1/6567502074.html,2BR , 1Ba,935ft2,apartment,5,4,1,0,0,0,0,2,132,https://sfbay.craigslist.org/sby/apa/d/500-off-1st-month-2-bed-1/6567502074.html
https://sfbay.craigslist.org/sby/apa/d/500-off-1st-months-rent-2-bed/6567407881.html,2BR , 2Ba,1082ft2,apartment,5,4,1,0,0,0,0,20,132,https://sfbay.craigslist.org/sby/apa/d/500-off-1st-months-rent-2-bed/6567407881.html
https://sfbay.craigslist.org/sby/apa/d/500-off-1st-months-rent-2-bed/6567514653.html,2BR , 2Ba,1082ft2,apartment,5,4,1,0,0,0,0,20,134,https://sfbay.craigslist.org/sby/apa/d/500-off-1st-months-rent-2-bed/6567514653.html
https://sfbay.craigslist.org/sby/apa/d/500-off-2-bedroom-1-bathroom/6562560855.html,2BR , 1Ba,800ft2,apartment,2,4,1,0,0,0,0,10,265,https://sfbay.craigslist.org/sby/apa/d/500-off-2-bedroom-1-bathroom/6562560855.html
https://sfbay.craigslist.org/sby/apa/d/500-off-2-bedroombath/6562569787.html,2BR , 2.5Ba,1277ft2,townhouse,5,4,1,0,0,0,0,12,281,https://sfbay.craigslist.org/sby/apa/d/500-off-2-bedroombath/6562569787.html
https://sfbay.craigslist.org/sby/apa/d/649-blythe-ct-apt-nice/6564211037.html,1BR , 1Ba,700ft2,apartment,2,4,0,0,0,0,0,9,124,https://sfbay.craigslist.org/sby/apa/d/649-blythe-ct-apt-nice/6564211037.html
https://sfbay.craigslist.org/sby/apa/d/968-almaden-lane-brand-new/6563109027.html,3BR , 3Ba,1484ft2,townhouse,5,6,0,0,0,1,0,24,161,https://sfbay.craigslist.org/sby/apa/d/968-almaden-lane-brand-new/6563109027.html
https://sfbay.craigslist.org/sby/apa/d/adj-to-beautiful-park-intel/6567702556.html,1BR , 1Ba,483ft2,apartment,4,2,1,1,0,0,0,16,87,https://sfbay.craigslist.org/sby/apa/d/adj-to-beautiful-park-intel/6567702556.html
https://sfbay.craigslist.org/sby/apa/d/after-hard-day-at-work-enjoy/6562832819.html,2BR , 1Ba,851ft2,apartment,2,4,1,1,0,1,0,8,176,https://sfbay.craigslist.org/sby/apa/d/after-hard-day-at-work-enjoy/6562832819.html
https://sfbay.craigslist.org/sby/apa/d/all-new-1br-apartment/6564872093.html,1BR , 1Ba,570ft2,apartment,2,4,0,0,0,0,0,5,277,https://sfbay.craigslist.org/sby/apa/d/all-new-1br-apartment/6564872093.html
https://sfbay.craigslist.org/sby/apa/d/amazing-beautifully-remodeled/6567674801.html,3BR , 2Ba,1350ft2,house,5,0,0,0,0,1,0,24,191,https://sfbay.craigslist.org/sby/apa/d/amazing-beautifully-remodeled/6567674801.html
https://sfbay.craigslist.org/sby/apa/d/ask-us-about-our-move-in/6567578025.html,2BR , 2Ba,964ft2,apartment,5,6,1,1,0,1,1,7,83,https://sfbay.craigslist.org/sby/apa/d/ask-us-about-our-move-in/6567578025.html
https://sfbay.craigslist.org/sby/apa/d/attached-guest-studio-with/6565213359.html,0BR , 1Ba,318ft2,apartment,0,0,0,0,0,0,0,10,140,https://sfbay.craigslist.org/sby/apa/d/attached-guest-studio-with/6565213359.html
https://sfbay.craigslist.org/sby/apa/d/available-now-come-and-take/6567538896.html,1BR , 1Ba,811ft2,apartment,5,4,1,0,0,1,0,6,420,https://sfbay.craigslist.org/sby/apa/d/available-now-come-and-take/6567538896.html
https://sfbay.craigslist.org/sby/apa/d/available-now-deluxe-condo-in/6540651637.html,1BR , 1Ba,600ft2,condo,2,4,0,0,0,0,0,10,149,https://sfbay.craigslist.org/sby/apa/d/available-now-deluxe-condo-in/6540651637.html
https://sfbay.craigslist.org/sby/apa/d/bancroft-2-furnished-and/6561106871.html,1BR , sharedBa,available may 31,house,4,2,0,0,1,1,0,8,147,https://sfbay.craigslist.org/sby/apa/d/bancroft-2-furnished-and/6561106871.html
https://sfbay.craigslist.org/sby/apa/d/beautiful-1b-1b-lease/6561869454.html,1BR , 1Ba,700ft2,apartment,5,4,0,0,0,1,0,10,199,https://sfbay.craigslist.org/sby/apa/d/beautiful-1b-1b-lease/6561869454.html
https://sfbay.craigslist.org/sby/apa/d/beautiful-2-bedroom-ground/6565622889.html,2BR , 1.5Ba,available apr 19,apartment,0,0,0,0,0,0,0,9,171,https://sfbay.craigslist.org/sby/apa/d/beautiful-2-bedroom-ground/6565622889.html
https://sfbay.craigslist.org/sby/apa/d/beautiful-2bed-1-bath-duplex/6567745588.html,2BR , 1Ba,1300ft2,duplex,5,4,0,0,0,1,0,14,96,https://sfbay.craigslist.org/sby/apa/d/beautiful-2bed-1-bath-duplex/6567745588.html
https://sfbay.craigslist.org/sby/apa/d/beautiful-2br-2ba-apartment/6567597706.html,2BR , 2Ba,1000ft2,apartment,5,4,1,1,0,1,0,6,230,https://sfbay.craigslist.org/sby/apa/d/beautiful-2br-2ba-apartment/6567597706.html
https://sfbay.craigslist.org/sby/apa/d/beautiful-2br-2ba-townhouse/6550310809.html,2BR , 2Ba,available apr 16,townhouse,5,6,1,1,0,1,0,20,154,https://sfbay.craigslist.org/sby/apa/d/beautiful-2br-2ba-townhouse/6550310809.html
https://sfbay.craigslist.org/sby/apa/d/beautiful-apartment-for-rent/6567714730.html,0BR , 1Ba,available apr 21,apartment,2,0,0,0,0,1,0,3,143,https://sfbay.craigslist.org/sby/apa/d/beautiful-apartment-for-rent/6567714730.html
https://sfbay.craigslist.org/sby/apa/d/beautiful-garden-community/6567382253.html,1BR , 1Ba,850ft2,apartment,4,4,0,0,0,1,0,9,191,https://sfbay.craigslist.org/sby/apa/d/beautiful-garden-community/6567382253.html
https://sfbay.craigslist.org/sby/apa/d/beautiful-home-with/6555618197.html,3BR , 2Ba,2000ft2,house,5,6,0,0,0,1,0,14,150,https://sfbay.craigslist.org/sby/apa/d/beautiful-home-with/6555618197.html
https://sfbay.craigslist.org/sby/apa/d/beautiful-house-in-great/6567597478.html,3BR , 2Ba,1850ft2,house,5,6,0,0,0,1,0,15,217,https://sfbay.craigslist.org/sby/apa/d/beautiful-house-in-great/6567597478.html
https://sfbay.craigslist.org/sby/apa/d/beautiful-manhattan-style/6567608410.html,1BR , 1.5Ba,1301ft2,apartment,5,5,1,1,0,1,0,8,381,https://sfbay.craigslist.org/sby/apa/d/beautiful-manhattan-style/6567608410.html
https://sfbay.craigslist.org/sby/apa/d/beautiful-modern-one-bedroom/6563979074.html,1BR , 1Ba,879ft2,apartment,5,4,0,0,0,0,0,15,540,https://sfbay.craigslist.org/sby/apa/d/beautiful-modern-one-bedroom/6563979074.html
https://sfbay.craigslist.org/sby/apa/d/beautiful-private-rooftop/6567440814.html,3BR , 3Ba,1426ft2,apartment,5,5,1,1,0,1,0,17,200,https://sfbay.craigslist.org/sby/apa/d/beautiful-private-rooftop/6567440814.html
https://sfbay.craigslist.org/sby/apa/d/beautiful-single-family-house/6567517608.html,3BR , 3.5Ba,2128ft2,house,5,6,0,0,0,1,0,4,174,https://sfbay.craigslist.org/sby/apa/d/beautiful-single-family-house/6567517608.html
https://sfbay.craigslist.org/sby/apa/d/beautiful-two-bedroom-home/6567692608.html,2BR , 2Ba,available apr 21,apartment,2,2,0,0,0,0,0,16,248,https://sfbay.craigslist.org/sby/apa/d/beautiful-two-bedroom-home/6567692608.html
https://sfbay.craigslist.org/sby/apa/d/beautifully-remodeled-1b-1b/6554119942.html,1BR , 1Ba,800ft2,condo,4,6,0,0,0,0,0,15,249,https://sfbay.craigslist.org/sby/apa/d/beautifully-remodeled-1b-1b/6554119942.html
https://sfbay.craigslist.org/sby/apa/d/beautifully-remodeled-gated/6567515797.html,1BR , 1Ba,612ft2,apartment,5,4,1,1,0,1,0,5,443,https://sfbay.craigslist.org/sby/apa/d/beautifully-remodeled-gated/6567515797.html
https://sfbay.craigslist.org/sby/apa/d/below-market-price-awesome/6567501432.html,1BR , 1Ba,623ft2,apartment,5,4,1,1,0,1,0,13,214,https://sfbay.craigslist.org/sby/apa/d/below-market-price-awesome/6567501432.html
https://sfbay.craigslist.org/sby/apa/d/berryessa-townhouse-style/6567620654.html,4BR , 2.5Ba,1474ft2,condo,5,4,0,0,0,1,0,14,195,https://sfbay.craigslist.org/sby/apa/d/berryessa-townhouse-style/6567620654.html
https://sfbay.craigslist.org/sby/apa/d/best-home-in-blossom-valley-3/6567434196.html,3BR , 2Ba,1150ft2,house,5,6,0,0,0,0,0,6,331,https://sfbay.craigslist.org/sby/apa/d/best-home-in-blossom-valley-3/6567434196.html
https://sfbay.craigslist.org/sby/apa/d/best-locationpriceshopsparks/6567463849.html,1BR , 1Ba,700ft2,apartment,2,0,0,0,0,0,0,15,115,https://sfbay.craigslist.org/sby/apa/d/best-locationpriceshopsparks/6567463849.html
https://sfbay.craigslist.org/sby/apa/d/best/6567458684.html,2BR , 2Ba,1005ft2,apartment,2,0,0,0,0,0,0,15,81,https://sfbay.craigslist.org/sby/apa/d/best/6567458684.html
https://sfbay.craigslist.org/sby/apa/d/big-2bd-1ba-controlled-access/6567679015.html,2BR , 1Ba,862ft2,apartment,2,4,0,0,0,0,0,7,296,https://sfbay.craigslist.org/sby/apa/d/big-2bd-1ba-controlled-access/6567679015.html
https://sfbay.craigslist.org/sby/apa/d/br-1-ba/6545069253.html,2BR , 1Ba,810ft2,condo,4,6,0,0,0,1,0,6,101,https://sfbay.craigslist.org/sby/apa/d/br-1-ba/6545069253.html
https://sfbay.craigslist.org/sby/apa/d/brand-new-home-rental/6567534138.html,3BR , 2Ba,1230ft2,manufactured,2,4,0,0,0,1,0,12,529,https://sfbay.craigslist.org/sby/apa/d/brand-new-home-rental/6567534138.html
https://sfbay.craigslist.org/sby/apa/d/brand-new-home-within-gated/6567746078.html,4BR , 2.5Ba,2656ft2,house,3,6,0,0,0,1,0,12,107,https://sfbay.craigslist.org/sby/apa/d/brand-new-home-within-gated/6567746078.html
https://sfbay.craigslist.org/sby/apa/d/brand-new-master-rm-private/6560225049.html,1BR , 1Ba,available apr 21,townhouse,5,6,0,0,0,1,0,7,379,https://sfbay.craigslist.org/sby/apa/d/brand-new-master-rm-private/6560225049.html
https://sfbay.craigslist.org/sby/apa/d/brand-new-studio-apartment/6567781335.html,0BR , 1Ba,608ft2,apartment,5,5,1,1,0,1,0,4,239,https://sfbay.craigslist.org/sby/apa/d/brand-new-studio-apartment/6567781335.html
https://sfbay.craigslist.org/sby/apa/d/bright-1br-apt-fully-equipped/6543616143.html,1BR , 1Ba,575ft2,apartment,2,4,1,0,0,0,0,9,262,https://sfbay.craigslist.org/sby/apa/d/bright-1br-apt-fully-equipped/6543616143.html
https://sfbay.craigslist.org/sby/apa/d/bright-large-new-designer/6567655027.html,1BR , 1Ba,available mar 20,apartment,2,4,0,0,0,0,0,8,382,https://sfbay.craigslist.org/sby/apa/d/bright-large-new-designer/6567655027.html
https://sfbay.craigslist.org/sby/apa/d/bright-living-near-the-light/6563684643.html,1BR , 1Ba,750ft2,apartment,4,0,1,0,0,0,0,10,211,https://sfbay.craigslist.org/sby/apa/d/bright-living-near-the-light/6563684643.html
https://sfbay.craigslist.org/sby/apa/d/bright-one-bedroom-one-bath/6567768597.html,1BR , 1Ba,728ft2,apartment,5,5,1,1,0,1,0,4,252,https://sfbay.craigslist.org/sby/apa/d/bright-one-bedroom-one-bath/6567768597.html
https://sfbay.craigslist.org/sby/apa/d/bright-pool-view-apartment/6567558882.html,0BR , 1Ba,400ft2,apartment,4,5,1,1,0,0,0,8,188,https://sfbay.craigslist.org/sby/apa/d/bright-pool-view-apartment/6567558882.html
https://sfbay.craigslist.org/sby/apa/d/bright-spacious-one-bedroom/6567592411.html,1BR , 1Ba,700ft2,apartment,4,5,1,1,0,0,0,9,189,https://sfbay.craigslist.org/sby/apa/d/bright-spacious-one-bedroom/6567592411.html
https://sfbay.craigslist.org/sby/apa/d/bright-sun-shining-days-await/6567664703.html,2BR , 2Ba,available apr 21,apartment,5,6,1,1,0,1,1,20,172,https://sfbay.craigslist.org/sby/apa/d/bright-sun-shining-days-await/6567664703.html
https://sfbay.craigslist.org/sby/apa/d/brisk-walk-away-from-downtown/6567500653.html,1BR , 1Ba,750ft2,apartment,5,4,1,1,0,1,0,10,385,https://sfbay.craigslist.org/sby/apa/d/brisk-walk-away-from-downtown/6567500653.html
https://sfbay.craigslist.org/sby/apa/d/cambrian-duplex-3-bed-2-bath/6561093914.html,3BR , 2Ba,1470ft2,duplex,3,6,0,0,0,1,0,10,101,https://sfbay.craigslist.org/sby/apa/d/cambrian-duplex-3-bed-2-bath/6561093914.html
https://sfbay.craigslist.org/sby/apa/d/charming-2br-2ba-in-preferred/6567649679.html,2BR , 2Ba,935ft2,apartment,5,0,1,1,0,1,0,10,227,https://sfbay.craigslist.org/sby/apa/d/charming-2br-2ba-in-preferred/6567649679.html
https://sfbay.craigslist.org/sby/apa/d/chefs-dream-more-kitchen/6565694038.html,1BR , 1Ba,684ft2,apartment,2,4,1,0,0,0,0,11,231,https://sfbay.craigslist.org/sby/apa/d/chefs-dream-more-kitchen/6565694038.html
https://sfbay.craigslist.org/sby/apa/d/chic-1br-1ba-apartment-with/6567518973.html,1BR , 1Ba,available apr 21,apartment,5,0,1,1,0,1,0,9,431,https://sfbay.craigslist.org/sby/apa/d/chic-1br-1ba-apartment-with/6567518973.html
https://sfbay.craigslist.org/sby/apa/d/city-outside-tranquility/6567457144.html,2BR , 2Ba,1173ft2,apartment,5,6,1,1,0,1,1,6,282,https://sfbay.craigslist.org/sby/apa/d/city-outside-tranquility/6567457144.html
https://sfbay.craigslist.org/sby/apa/d/come-and-see-our-beautiful/6567552758.html,1BR , 1Ba,668ft2,apartment,4,5,1,1,0,1,0,10,221,https://sfbay.craigslist.org/sby/apa/d/come-and-see-our-beautiful/6567552758.html
https://sfbay.craigslist.org/sby/apa/d/come-cozy-up-in-your-new-1x1/6567545893.html,1BR , 1Ba,731ft2,apartment,5,5,1,1,0,1,0,9,208,https://sfbay.craigslist.org/sby/apa/d/come-cozy-up-in-your-new-1x1/6567545893.html
https://sfbay.craigslist.org/sby/apa/d/come-experience-the-verdant/6567706557.html,2BR , 2Ba,983ft2,apartment,5,5,1,1,0,1,1,6,473,https://sfbay.craigslist.org/sby/apa/d/come-experience-the-verdant/6567706557.html
https://sfbay.craigslist.org/sby/apa/d/come-watch-the-parade-and/6567508648.html,2BR , 2Ba,930ft2,apartment,5,6,1,1,0,1,0,11,346,https://sfbay.craigslist.org/sby/apa/d/come-watch-the-parade-and/6567508648.html
https://sfbay.craigslist.org/sby/apa/d/comfort-convenience-in-north/6567797926.html,3BR , 2Ba,1440ft2,apartment,5,5,1,1,0,1,1,11,241,https://sfbay.craigslist.org/sby/apa/d/comfort-convenience-in-north/6567797926.html
https://sfbay.craigslist.org/sby/apa/d/comfy-two-bedroom-home-you/6567507168.html,2BR , 2Ba,829ft2,apartment,5,0,0,1,0,1,1,12,302,https://sfbay.craigslist.org/sby/apa/d/comfy-two-bedroom-home-you/6567507168.html
https://sfbay.craigslist.org/sby/apa/d/commute-friendly-area-santa/6565761846.html,1BR , 1Ba,750ft2,apartment,2,4,1,0,0,0,0,13,250,https://sfbay.craigslist.org/sby/apa/d/commute-friendly-area-santa/6565761846.html
https://sfbay.craigslist.org/sby/apa/d/completely-remodeled-house/6555022659.html,4BR , 3Ba,2800ft2,house,3,6,0,0,0,1,0,15,177,https://sfbay.craigslist.org/sby/apa/d/completely-remodeled-house/6555022659.html
https://sfbay.craigslist.org/sby/apa/d/condo-for-rent-available-now/6548244526.html,1BR , 1Ba,600ft2,condo,2,4,0,0,0,0,0,10,165,https://sfbay.craigslist.org/sby/apa/d/condo-for-rent-available-now/6548244526.html
https://sfbay.craigslist.org/sby/apa/d/contemporary-and-renovated/6567673711.html,1BR , 1Ba,556ft2,apartment,5,4,1,1,0,1,0,14,165,https://sfbay.craigslist.org/sby/apa/d/contemporary-and-renovated/6567673711.html
https://sfbay.craigslist.org/sby/apa/d/convenient-location-wd-in/6567738715.html,2BR , 2Ba,911ft2,apartment,5,0,1,1,0,1,0,11,128,https://sfbay.craigslist.org/sby/apa/d/convenient-location-wd-in/6567738715.html
https://sfbay.craigslist.org/sby/apa/d/corner-4th-floor-home-pool/6561933151.html,1BR , 1Ba,731ft2,apartment,5,5,1,1,0,1,1,21,651,https://sfbay.craigslist.org/sby/apa/d/corner-4th-floor-home-pool/6561933151.html
https://sfbay.craigslist.org/sby/apa/d/corner-home-with-stainless/6567745981.html,1BR , 1Ba,700ft2,apartment,5,4,1,1,0,1,0,9,267,https://sfbay.craigslist.org/sby/apa/d/corner-home-with-stainless/6567745981.html
https://sfbay.craigslist.org/sby/apa/d/corporate-furnished-artist/6567620502.html,4BR , 4.5Ba,2528ft2,house,2,2,0,0,1,1,0,24,193,https://sfbay.craigslist.org/sby/apa/d/corporate-furnished-artist/6567620502.html
https://sfbay.craigslist.org/sby/apa/d/cozy-1bd-located-conveniently/6567642273.html,1BR , 1Ba,806ft2,apartment,5,0,0,0,0,0,1,22,314,https://sfbay.craigslist.org/sby/apa/d/cozy-1bd-located-conveniently/6567642273.html
https://sfbay.craigslist.org/sby/apa/d/cozy-front-unit-2bedrooms-1/6567586830.html,2BR , 1Ba,available mar 8,house,2,3,0,0,1,0,0,6,105,https://sfbay.craigslist.org/sby/apa/d/cozy-front-unit-2bedrooms-1/6567586830.html
https://sfbay.craigslist.org/sby/apa/d/cupertino-schools-near-by/6567564015.html,1BR , 1Ba,897ft2,apartment,5,0,1,1,0,1,0,6,291,https://sfbay.craigslist.org/sby/apa/d/cupertino-schools-near-by/6567564015.html
https://sfbay.craigslist.org/sby/apa/d/cupertino-townhome/6562749716.html,2BR , 2Ba,available apr 17,townhouse,5,6,0,0,0,0,0,2,181,https://sfbay.craigslist.org/sby/apa/d/cupertino-townhome/6562749716.html
https://sfbay.craigslist.org/sby/apa/d/decorative-countertops/6552657656.html,2BR , 1.5Ba,840ft2,apartment,2,4,1,0,0,0,0,11,223,https://sfbay.craigslist.org/sby/apa/d/decorative-countertops/6552657656.html
https://sfbay.craigslist.org/sby/apa/d/delightful-and-elegant-in/6567758168.html,1BR , 1Ba,687ft2,apartment,5,6,1,1,0,1,0,8,269,https://sfbay.craigslist.org/sby/apa/d/delightful-and-elegant-in/6567758168.html
https://sfbay.craigslist.org/sby/apa/d/desirable-mt-view-location/6567433614.html,2BR , 1Ba,775ft2,duplex,4,2,0,0,0,1,0,21,266,https://sfbay.craigslist.org/sby/apa/d/desirable-mt-view-location/6567433614.html
https://sfbay.craigslist.org/sby/apa/d/desirable-unit-in-excellent/6567354728.html,1BR , 1Ba,660ft2,apartment,2,4,1,0,0,0,0,7,369,https://sfbay.craigslist.org/sby/apa/d/desirable-unit-in-excellent/6567354728.html
https://sfbay.craigslist.org/sby/apa/d/do-you-like-to-cook-this-1bed/6567549896.html,1BR , 1Ba,763ft2,apartment,5,4,1,1,0,1,1,9,781,https://sfbay.craigslist.org/sby/apa/d/do-you-like-to-cook-this-1bed/6567549896.html
https://sfbay.craigslist.org/sby/apa/d/do-you-value-convenience-if/6562075692.html,2BR , 1Ba,851ft2,apartment,2,4,1,1,0,1,0,8,161,https://sfbay.craigslist.org/sby/apa/d/do-you-value-convenience-if/6562075692.html
https://sfbay.craigslist.org/sby/apa/d/dogs-cats-ok-single-story-ac/6567705571.html,1BR , 1Ba,465ft2,apartment,2,2,1,1,0,0,0,14,173,https://sfbay.craigslist.org/sby/apa/d/dogs-cats-ok-single-story-ac/6567705571.html
https://sfbay.craigslist.org/sby/apa/d/dont-delayinquire-today/6567499939.html,1BR , 1Ba,700ft2,apartment,2,4,1,1,0,1,0,8,234,https://sfbay.craigslist.org/sby/apa/d/dont-delayinquire-today/6567499939.html
https://sfbay.craigslist.org/sby/apa/d/dont-miss-out-available/6567439229.html,2BR , 2Ba,available apr 21,apartment,5,4,0,0,0,0,0,5,73,https://sfbay.craigslist.org/sby/apa/d/dont-miss-out-available/6567439229.html
https://sfbay.craigslist.org/sby/apa/d/dont-miss-out-on-this-one-2ba/6567631015.html,2BR , 1Ba,1051ft2,apartment,5,6,0,0,0,0,0,18,314,https://sfbay.craigslist.org/sby/apa/d/dont-miss-out-on-this-one-2ba/6567631015.html
https://sfbay.craigslist.org/sby/apa/d/downstairs-1x1-avail-5-5-at/6562835145.html,1BR , 1Ba,662ft2,apartment,2,4,1,1,0,1,0,7,244,https://sfbay.craigslist.org/sby/apa/d/downstairs-1x1-avail-5-5-at/6562835145.html
https://sfbay.craigslist.org/sby/apa/d/downstairs-2x1-available-4-13/6567569138.html,2BR , 1Ba,851ft2,apartment,2,4,1,1,0,1,0,8,176,https://sfbay.craigslist.org/sby/apa/d/downstairs-2x1-available-4-13/6567569138.html
https://sfbay.craigslist.org/sby/apa/d/downstairs-corner-1x1-avail/6561083780.html,1BR , 1Ba,662ft2,apartment,2,4,1,1,0,1,0,7,244,https://sfbay.craigslist.org/sby/apa/d/downstairs-corner-1x1-avail/6561083780.html
https://sfbay.craigslist.org/sby/apa/d/downstairs-corner-1x1-avail/6567586365.html,1BR , 1Ba,662ft2,apartment,2,4,1,1,0,1,0,7,244,https://sfbay.craigslist.org/sby/apa/d/downstairs-corner-1x1-avail/6567586365.html
https://sfbay.craigslist.org/sby/apa/d/downtown-living-enjoy-910-sq/6567743058.html,1BR , 1Ba,910ft2,apartment,5,6,1,1,0,1,1,8,251,https://sfbay.craigslist.org/sby/apa/d/downtown-living-enjoy-910-sq/6567743058.html
https://sfbay.craigslist.org/sby/apa/d/downtown-sunnyvale-caltrain/6562075219.html,1BR , 1Ba,662ft2,apartment,2,4,1,1,0,1,0,7,259,https://sfbay.craigslist.org/sby/apa/d/downtown-sunnyvale-caltrain/6562075219.html
https://sfbay.craigslist.org/sby/apa/d/dreams-do-come-true-live-in/6567762471.html,1BR , 1Ba,750ft2,apartment,5,4,1,1,0,1,0,24,385,https://sfbay.craigslist.org/sby/apa/d/dreams-do-come-true-live-in/6567762471.html
https://sfbay.craigslist.org/sby/apa/d/efficient-design-affordable/6567503888.html,0BR , 1Ba,475ft2,apartment,4,4,1,1,0,1,0,16,166,https://sfbay.craigslist.org/sby/apa/d/efficient-design-affordable/6567503888.html
https://sfbay.craigslist.org/sby/apa/d/elegant-2br-2ba-apartment/6567604302.html,2BR , 2Ba,available apr 21,apartment,5,0,1,1,0,1,0,9,531,https://sfbay.craigslist.org/sby/apa/d/elegant-2br-2ba-apartment/6567604302.html
https://sfbay.craigslist.org/sby/apa/d/elements-where-the-city-is/6567512994.html,1BR , 1Ba,861ft2,apartment,5,6,1,1,0,1,1,8,258,https://sfbay.craigslist.org/sby/apa/d/elements-where-the-city-is/6567512994.html
https://sfbay.craigslist.org/sby/apa/d/elevate-your-living/6567580489.html,1BR , 1Ba,817ft2,apartment,5,0,1,1,0,1,0,8,270,https://sfbay.craigslist.org/sby/apa/d/elevate-your-living/6567580489.html
https://sfbay.craigslist.org/sby/apa/d/enjoy-comfort-convenience-and/6567676682.html,1BR , 1Ba,733ft2,apartment,2,4,0,0,0,0,0,9,311,https://sfbay.craigslist.org/sby/apa/d/enjoy-comfort-convenience-and/6567676682.html
https://sfbay.craigslist.org/sby/apa/d/enjoy-the-good-life-premier/6567479992.html,1BR , 1Ba,780ft2,apartment,5,5,1,1,0,1,0,12,906,https://sfbay.craigslist.org/sby/apa/d/enjoy-the-good-life-premier/6567479992.html
https://sfbay.craigslist.org/sby/apa/d/everything-you-need-all-right/6567464596.html,1BR , 1Ba,904ft2,apartment,5,6,1,1,0,1,1,8,261,https://sfbay.craigslist.org/sby/apa/d/everything-you-need-all-right/6567464596.html
https://sfbay.craigslist.org/sby/apa/d/excellent-neighborhood-w-2/6567356425.html,2BR , 2Ba,870ft2,apartment,2,4,1,0,0,0,0,7,215,https://sfbay.craigslist.org/sby/apa/d/excellent-neighborhood-w-2/6567356425.html
https://sfbay.craigslist.org/sby/apa/d/exec-suite-quiet-area-jacuzzi/6541681536.html,2BR , 1Ba,1000ft2,flat,5,2,0,0,1,1,0,9,320,https://sfbay.craigslist.org/sby/apa/d/exec-suite-quiet-area-jacuzzi/6541681536.html
https://sfbay.craigslist.org/sby/apa/d/exquisitely-updated-downtown/6560483601.html,1BR , 1Ba,650ft2,cottage/cabin,5,4,0,1,0,1,0,17,181,https://sfbay.craigslist.org/sby/apa/d/exquisitely-updated-downtown/6560483601.html
https://sfbay.craigslist.org/sby/apa/d/extended-patio-separate/6567610456.html,1BR , 1Ba,683ft2,apartment,5,5,1,1,0,1,1,5,477,https://sfbay.craigslist.org/sby/apa/d/extended-patio-separate/6567610456.html
https://sfbay.craigslist.org/sby/apa/d/extra-large-2-bedroom-2-bath/6567763028.html,2BR , 2Ba,1180ft2,apartment,5,4,1,1,0,1,0,11,226,https://sfbay.craigslist.org/sby/apa/d/extra-large-2-bedroom-2-bath/6567763028.html
https://sfbay.craigslist.org/sby/apa/d/extraordinary-townhome/6567530666.html,2BR , 1.5Ba,1045ft2,townhouse,5,4,0,0,0,1,0,18,66,https://sfbay.craigslist.org/sby/apa/d/extraordinary-townhome/6567530666.html
https://sfbay.craigslist.org/sby/apa/d/extravagant-a1-on-top-floor/6567548621.html,1BR , 1Ba,678ft2,apartment,5,0,0,1,0,1,1,12,307,https://sfbay.craigslist.org/sby/apa/d/extravagant-a1-on-top-floor/6567548621.html
https://sfbay.craigslist.org/sby/apa/d/fabulous-studio-apartment/6567760072.html,0BR , 1Ba,400ft2,apartment,4,5,1,1,0,0,0,8,305,https://sfbay.craigslist.org/sby/apa/d/fabulous-studio-apartment/6567760072.html
https://sfbay.craigslist.org/sby/apa/d/facebook-shuttle-apple-deanza/6562127880.html,1BR , 1Ba,790ft2,apartment,5,0,0,0,0,0,0,24,162,https://sfbay.craigslist.org/sby/apa/d/facebook-shuttle-apple-deanza/6562127880.html
https://sfbay.craigslist.org/sby/apa/d/fall-in-love-with-our/6554760864.html,2BR , 1Ba,950ft2,apartment,5,4,0,0,0,1,0,18,242,https://sfbay.craigslist.org/sby/apa/d/fall-in-love-with-our/6554760864.html
https://sfbay.craigslist.org/sby/apa/d/fantastic-kitchen-new/6567590263.html,1BR , 1Ba,528ft2,apartment,5,4,1,1,0,1,0,6,212,https://sfbay.craigslist.org/sby/apa/d/fantastic-kitchen-new/6567590263.html
https://sfbay.craigslist.org/sby/apa/d/first-floor-1b1b-in-beautiful/6567715071.html,1BR , 1Ba,728ft2,apartment,5,0,1,1,0,1,0,24,445,https://sfbay.craigslist.org/sby/apa/d/first-floor-1b1b-in-beautiful/6567715071.html
https://sfbay.craigslist.org/sby/apa/d/foothill-elementrary-saratoga/6567548464.html,3BR , 2Ba,1350ft2,apartment,5,6,1,1,0,0,0,15,248,https://sfbay.craigslist.org/sby/apa/d/foothill-elementrary-saratoga/6567548464.html
https://sfbay.craigslist.org/sby/apa/d/for-rent-newer-lrg-two/6561301977.html,2BR , 2Ba,1396ft2,condo,5,6,0,0,0,0,0,11,40,https://sfbay.craigslist.org/sby/apa/d/for-rent-newer-lrg-two/6561301977.html
https://sfbay.craigslist.org/sby/apa/d/full-size-1br-plus-small/6551597838.html,1BR , 1Ba,575ft2,apartment,2,4,0,0,0,0,0,12,112,https://sfbay.craigslist.org/sby/apa/d/full-size-1br-plus-small/6551597838.html
https://sfbay.craigslist.org/sby/apa/d/fully-equipped-kitchen-2br/6545523456.html,2BR , 1Ba,850ft2,apartment,4,0,1,0,0,0,0,13,212,https://sfbay.craigslist.org/sby/apa/d/fully-equipped-kitchen-2br/6545523456.html
https://sfbay.craigslist.org/sby/apa/d/fully-furnished-private/6561588223.html,1BR , 1Ba,320ft2,in-law,4,0,0,0,0,0,0,6,256,https://sfbay.craigslist.org/sby/apa/d/fully-furnished-private/6561588223.html
https://sfbay.craigslist.org/sby/apa/d/furnished-or-unfurnished/6567569981.html,2BR , 2Ba,970ft2,condo,5,4,0,0,1,1,0,22,163,https://sfbay.craigslist.org/sby/apa/d/furnished-or-unfurnished/6567569981.html
https://sfbay.craigslist.org/sby/apa/d/furry-friends-welcome-large/6567518935.html,2BR , 2Ba,1000ft2,apartment,5,4,1,1,0,1,0,10,231,https://sfbay.craigslist.org/sby/apa/d/furry-friends-welcome-large/6567518935.html
https://sfbay.craigslist.org/sby/apa/d/gem-in-cupertino-fooothills/6565281914.html,1BR , 1Ba,630ft2,apartment,5,2,0,0,0,1,0,14,170,https://sfbay.craigslist.org/sby/apa/d/gem-in-cupertino-fooothills/6565281914.html
https://sfbay.craigslist.org/sby/apa/d/generous-closets-remodeled/6563623387.html,1BR , 1Ba,575ft2,apartment,2,4,1,0,0,0,0,9,262,https://sfbay.craigslist.org/sby/apa/d/generous-closets-remodeled/6563623387.html
https://sfbay.craigslist.org/sby/apa/d/get-cozy-in-your-beautiful/6567730629.html,1BR , 1Ba,700ft2,apartment,2,4,0,0,0,1,0,18,279,https://sfbay.craigslist.org/sby/apa/d/get-cozy-in-your-beautiful/6567730629.html
https://sfbay.craigslist.org/sby/apa/d/gorgeous-1-bedroom-1-bath/6567600891.html,1BR , 1Ba,550ft2,apartment,2,4,0,1,0,1,0,11,332,https://sfbay.craigslist.org/sby/apa/d/gorgeous-1-bedroom-1-bath/6567600891.html
https://sfbay.craigslist.org/sby/apa/d/gorgeous-1-bedroom-condo/6557555821.html,1BR , 1.5Ba,1113ft2,apartment,5,4,0,0,0,0,0,21,445,https://sfbay.craigslist.org/sby/apa/d/gorgeous-1-bedroom-condo/6557555821.html
https://sfbay.craigslist.org/sby/apa/d/gorgeous-2-bedroom-1-bath/6567595469.html,2BR , 2Ba,900ft2,apartment,0,0,1,1,0,0,0,2,241,https://sfbay.craigslist.org/sby/apa/d/gorgeous-2-bedroom-1-bath/6567595469.html
https://sfbay.craigslist.org/sby/apa/d/gorgeous-2-bedroom-townhome/6567578356.html,2BR , 2.5Ba,1301ft2,townhouse,5,6,1,1,0,1,0,13,376,https://sfbay.craigslist.org/sby/apa/d/gorgeous-2-bedroom-townhome/6567578356.html
https://sfbay.craigslist.org/sby/apa/d/gorgeous-3-bedroom-2-bathroom/6561083670.html,3BR , 2Ba,1323ft2,apartment,4,4,0,0,0,0,0,8,204,https://sfbay.craigslist.org/sby/apa/d/gorgeous-3-bedroom-2-bathroom/6561083670.html
https://sfbay.craigslist.org/sby/apa/d/gorgeous-resort-like-environ/6561904985.html,1BR , 1Ba,776ft2,apartment,2,4,0,0,0,0,0,8,309,https://sfbay.craigslist.org/sby/apa/d/gorgeous-resort-like-environ/6561904985.html
https://sfbay.craigslist.org/sby/apa/d/gracious-700-sq-ft-square/6567490068.html,1BR , 1Ba,available may 30,apartment,2,4,0,0,0,1,0,5,156,https://sfbay.craigslist.org/sby/apa/d/gracious-700-sq-ft-square/6567490068.html
https://sfbay.craigslist.org/sby/apa/d/grand-2-bedroom-2-bath-large/6567719955.html,2BR , 2Ba,1187ft2,apartment,5,6,1,1,0,1,1,8,218,https://sfbay.craigslist.org/sby/apa/d/grand-2-bedroom-2-bath-large/6567719955.html
https://sfbay.craigslist.org/sby/apa/d/grand-communications-hill/6567471315.html,4BR , 3Ba,2513ft2,house,5,6,0,0,0,0,0,23,291,https://sfbay.craigslist.org/sby/apa/d/grand-communications-hill/6567471315.html
https://sfbay.craigslist.org/sby/apa/d/granite-wood-flr-fitness-ctr/6567470860.html,1BR , 1Ba,765ft2,apartment,2,0,0,0,0,0,0,18,208,https://sfbay.craigslist.org/sby/apa/d/granite-wood-flr-fitness-ctr/6567470860.html
https://sfbay.craigslist.org/sby/apa/d/great-apartment-available-in/6567701276.html,1BR , 1Ba,710ft2,apartment,5,4,1,1,0,0,1,4,63,https://sfbay.craigslist.org/sby/apa/d/great-apartment-available-in/6567701276.html
https://sfbay.craigslist.org/sby/apa/d/great-apartment-for/6567587704.html,1BR , 1Ba,885ft2,apartment,5,4,1,1,0,1,1,13,247,https://sfbay.craigslist.org/sby/apa/d/great-apartment-for/6567587704.html
https://sfbay.craigslist.org/sby/apa/d/great-blossom-valley-location/6558748681.html,4BR , 2.5Ba,1800ft2,house,5,6,0,0,0,1,0,5,111,https://sfbay.craigslist.org/sby/apa/d/great-blossom-valley-location/6558748681.html
https://sfbay.craigslist.org/sby/apa/d/great-campbell-location/6545245781.html,1BR , 1Ba,744ft2,condo,5,5,0,0,0,0,0,10,123,https://sfbay.craigslist.org/sby/apa/d/great-campbell-location/6545245781.html
https://sfbay.craigslist.org/sby/apa/d/great-location-close-to/6567515727.html,2BR , 1Ba,available apr 21,apartment,0,0,0,0,0,0,0,6,152,https://sfbay.craigslist.org/sby/apa/d/great-location-close-to/6567515727.html
https://sfbay.craigslist.org/sby/apa/d/great-location-great-deal/6567628754.html,3BR , 2Ba,1300ft2,apartment,2,4,1,1,0,0,0,10,182,https://sfbay.craigslist.org/sby/apa/d/great-location-great-deal/6567628754.html
https://sfbay.craigslist.org/sby/apa/d/great-location-high-ceiling/6561540869.html,3BR , 3Ba,1400ft2,townhouse,5,6,0,0,0,1,0,15,247,https://sfbay.craigslist.org/sby/apa/d/great-location-high-ceiling/6561540869.html
https://sfbay.craigslist.org/sby/apa/d/great-location-in-sunnyvale/6567540735.html,1BR , 1Ba,693ft2,apartment,5,4,1,1,0,1,0,12,318,https://sfbay.craigslist.org/sby/apa/d/great-location-in-sunnyvale/6567540735.html
https://sfbay.craigslist.org/sby/apa/d/great-location-spacious-1-bed/6567335631.html,1BR , 1Ba,692ft2,apartment,5,4,1,1,0,0,0,6,263,https://sfbay.craigslist.org/sby/apa/d/great-location-spacious-1-bed/6567335631.html
https://sfbay.craigslist.org/sby/apa/d/great-mountain-view-location/6567563541.html,1BR , 1Ba,600ft2,apartment,2,4,0,0,0,0,0,6,90,https://sfbay.craigslist.org/sby/apa/d/great-mountain-view-location/6567563541.html
https://sfbay.craigslist.org/sby/apa/d/great-place-great-location/6567574437.html,2BR , 2Ba,1020ft2,apartment,2,4,1,1,0,0,0,7,283,https://sfbay.craigslist.org/sby/apa/d/great-place-great-location/6567574437.html
https://sfbay.craigslist.org/sby/apa/d/gym-poolwood-flooring-granite/6561103162.html,2BR , 2Ba,1005ft2,apartment,5,4,0,0,0,0,0,17,103,https://sfbay.craigslist.org/sby/apa/d/gym-poolwood-flooring-granite/6561103162.html
https://sfbay.craigslist.org/sby/apa/d/hearth-is-where-the-home-is/6567468753.html,1BR , 1Ba,751ft2,apartment,5,4,1,1,0,1,0,9,349,https://sfbay.craigslist.org/sby/apa/d/hearth-is-where-the-home-is/6567468753.html
https://sfbay.craigslist.org/sby/apa/d/heat-c-comfort-new-flooring/6565609523.html,1BR , 1Ba,675ft2,apartment,2,4,1,0,0,0,0,10,254,https://sfbay.craigslist.org/sby/apa/d/heat-c-comfort-new-flooring/6565609523.html
https://sfbay.craigslist.org/sby/apa/d/hollister-home/6567522297.html,4BR , 2.5Ba,1900ft2,house,4,6,1,1,0,0,0,2,122,https://sfbay.craigslist.org/sby/apa/d/hollister-home/6567522297.html
https://sfbay.craigslist.org/sby/apa/d/hot-deal1-bedroom-1-bath-with/6567485065.html,1BR , 1Ba,867ft2,apartment,5,5,1,1,0,1,0,10,299,https://sfbay.craigslist.org/sby/apa/d/hot-deal1-bedroom-1-bath-with/6567485065.html
https://sfbay.craigslist.org/sby/apa/d/hot-deal1-bedroom-1-bath-with/6567494440.html,1BR , 1Ba,752ft2,apartment,5,5,1,1,0,1,0,9,295,https://sfbay.craigslist.org/sby/apa/d/hot-deal1-bedroom-1-bath-with/6567494440.html
https://sfbay.craigslist.org/sby/apa/d/house-in-saratoga/6556318507.html,3BR , 2Ba,1300ft2,apartment,5,2,1,1,0,0,0,7,50,https://sfbay.craigslist.org/sby/apa/d/house-in-saratoga/6556318507.html
https://sfbay.craigslist.org/sby/apa/d/house-in-the-center-of/6567513950.html,4BR , 2Ba,2100ft2,house,5,2,0,0,0,1,0,15,78,https://sfbay.craigslist.org/sby/apa/d/house-in-the-center-of/6567513950.html
https://sfbay.craigslist.org/sby/apa/d/huge-1-bedroom-with-den-at/6567643469.html,1BR , 1Ba,994ft2,apartment,5,5,1,1,0,1,0,9,279,https://sfbay.craigslist.org/sby/apa/d/huge-1-bedroom-with-den-at/6567643469.html
https://sfbay.craigslist.org/sby/apa/d/huge-pool-enjoy-summer-the/6567571852.html,1BR , 1Ba,750ft2,apartment,5,4,1,1,0,1,0,11,385,https://sfbay.craigslist.org/sby/apa/d/huge-pool-enjoy-summer-the/6567571852.html
https://sfbay.craigslist.org/sby/apa/d/huge-separate-dining-area-and/6567773771.html,2BR , 2Ba,available apr 21,apartment,5,0,1,1,0,1,0,10,247,https://sfbay.craigslist.org/sby/apa/d/huge-separate-dining-area-and/6567773771.html
https://sfbay.craigslist.org/sby/apa/d/if-youre-not-living-here-then/6567696112.html,2BR , 2Ba,1198ft2,apartment,5,4,1,1,0,1,0,20,222,https://sfbay.craigslist.org/sby/apa/d/if-youre-not-living-here-then/6567696112.html
https://sfbay.craigslist.org/sby/apa/d/immaculate-b1-floorplan-open/6567580291.html,2BR , 2Ba,920ft2,apartment,5,5,1,1,0,1,0,13,312,https://sfbay.craigslist.org/sby/apa/d/immaculate-b1-floorplan-open/6567580291.html
https://sfbay.craigslist.org/sby/apa/d/immediate-move-in-20th-floor/6567650051.html,2BR , 2Ba,1592ft2,apartment,5,4,1,1,0,1,1,8,203,https://sfbay.craigslist.org/sby/apa/d/immediate-move-in-20th-floor/6567650051.html
https://sfbay.craigslist.org/sby/apa/d/in-law-unit-1800/6567782004.html,2BR , 1Ba,450ft2,in-law,2,2,0,0,0,1,0,8,248,https://sfbay.craigslist.org/sby/apa/d/in-law-unit-1800/6567782004.html
https://sfbay.craigslist.org/sby/apa/d/indoor-cat-welcome-central/6567352091.html,1BR , 1Ba,556ft2,apartment,2,6,1,0,0,0,0,8,420,https://sfbay.craigslist.org/sby/apa/d/indoor-cat-welcome-central/6567352091.html
https://sfbay.craigslist.org/sby/apa/d/intel-google-apple-dogs-cats/6567704658.html,0BR , 1Ba,405ft2,apartment,2,2,1,1,0,0,0,17,153,https://sfbay.craigslist.org/sby/apa/d/intel-google-apple-dogs-cats/6567704658.html
https://sfbay.craigslist.org/sby/apa/d/is-running-out-1x1-available/6567782745.html,1BR , 1Ba,759ft2,apartment,5,5,1,1,0,1,0,7,271,https://sfbay.craigslist.org/sby/apa/d/is-running-out-1x1-available/6567782745.html
https://sfbay.craigslist.org/sby/apa/d/its-beautiful-day-in-the/6567578567.html,1BR , 1Ba,780ft2,apartment,5,4,1,1,0,1,0,6,456,https://sfbay.craigslist.org/sby/apa/d/its-beautiful-day-in-the/6567578567.html
https://sfbay.craigslist.org/sby/apa/d/just-in-2x2-bright-ideal/6553804496.html,2BR , 2Ba,1050ft2,apartment,5,4,0,0,0,1,0,18,226,https://sfbay.craigslist.org/sby/apa/d/just-in-2x2-bright-ideal/6553804496.html
https://sfbay.craigslist.org/sby/apa/d/just-in-great-view-garden/6567729556.html,2BR , 2Ba,1050ft2,apartment,5,4,0,0,0,1,0,18,233,https://sfbay.craigslist.org/sby/apa/d/just-in-great-view-garden/6567729556.html
https://sfbay.craigslist.org/sby/apa/d/just-updated-for-you-amazing/6565411493.html,1BR , 1Ba,700ft2,condo,5,4,0,0,0,1,0,12,244,https://sfbay.craigslist.org/sby/apa/d/just-updated-for-you-amazing/6565411493.html
https://sfbay.craigslist.org/sby/apa/d/kitchen-lounge-dining-area/6567763961.html,1BR , 1Ba,791ft2,apartment,5,5,1,1,0,1,1,4,160,https://sfbay.craigslist.org/sby/apa/d/kitchen-lounge-dining-area/6567763961.html
https://sfbay.craigslist.org/sby/apa/d/l4-for-clean-roommate-or/6565178963.html,2BR , 2Ba,1000ft2,apartment,5,4,1,1,0,0,0,6,345,https://sfbay.craigslist.org/sby/apa/d/l4-for-clean-roommate-or/6565178963.html
https://sfbay.craigslist.org/sby/apa/d/large-bright-minswalk-to/6567605811.html,2BR , 1Ba,1100ft2,duplex,4,5,0,0,0,1,0,7,301,https://sfbay.craigslist.org/sby/apa/d/large-bright-minswalk-to/6567605811.html
https://sfbay.craigslist.org/sby/apa/d/large-classic-1-bed-1-bath/6567588909.html,1BR , 1Ba,748ft2,apartment,2,4,1,1,0,1,0,15,82,https://sfbay.craigslist.org/sby/apa/d/large-classic-1-bed-1-bath/6567588909.html
https://sfbay.craigslist.org/sby/apa/d/large-closets-sparkling-pool/6557202097.html,1BR , 1Ba,750ft2,apartment,2,4,1,0,0,0,0,13,256,https://sfbay.craigslist.org/sby/apa/d/large-closets-sparkling-pool/6557202097.html
https://sfbay.craigslist.org/sby/apa/d/large-corner-apartment-walk/6561429109.html,2BR , 2Ba,1390ft2,apartment,5,0,1,1,0,0,0,8,158,https://sfbay.craigslist.org/sby/apa/d/large-corner-apartment-walk/6561429109.html
https://sfbay.craigslist.org/sby/apa/d/larger-townhouse-in-great/6558178030.html,2BR , 2.5Ba,1350ft2,townhouse,2,6,0,0,0,1,0,17,200,https://sfbay.craigslist.org/sby/apa/d/larger-townhouse-in-great/6558178030.html
https://sfbay.craigslist.org/sby/apa/d/last-2bd-15ba-town-home/6567620846.html,2BR , 1.5Ba,918ft2,apartment,5,5,1,1,0,1,1,12,219,https://sfbay.craigslist.org/sby/apa/d/last-2bd-15ba-town-home/6567620846.html
https://sfbay.craigslist.org/sby/apa/d/last-day-to-get-1-month-free/6548111474.html,1BR , 1Ba,759ft2,apartment,0,0,0,0,0,0,0,9,133,https://sfbay.craigslist.org/sby/apa/d/last-day-to-get-1-month-free/6548111474.html
https://sfbay.craigslist.org/sby/apa/d/lets-get-ready-for-summer/6567631865.html,1BR , 1Ba,642ft2,apartment,5,0,1,1,0,1,0,15,438,https://sfbay.craigslist.org/sby/apa/d/lets-get-ready-for-summer/6567631865.html
https://sfbay.craigslist.org/sby/apa/d/lex-has-everything-you-need/6567547309.html,1BR , 1Ba,available apr 21,apartment,5,6,1,1,0,1,1,18,158,https://sfbay.craigslist.org/sby/apa/d/lex-has-everything-you-need/6567547309.html
https://sfbay.craigslist.org/sby/apa/d/lex-has-everything-you-need/6567678450.html,2BR , 2Ba,available apr 21,apartment,5,6,1,1,0,1,1,15,166,https://sfbay.craigslist.org/sby/apa/d/lex-has-everything-you-need/6567678450.html
https://sfbay.craigslist.org/sby/apa/d/lightrail-shuttle-near/6567796402.html,2BR , 1Ba,965ft2,apartment,0,4,0,0,0,0,0,16,108,https://sfbay.craigslist.org/sby/apa/d/lightrail-shuttle-near/6567796402.html
https://sfbay.craigslist.org/sby/apa/d/live-in-your-dream-home-in/6567587072.html,1BR , 1Ba,750ft2,apartment,2,4,1,1,0,1,0,11,411,https://sfbay.craigslist.org/sby/apa/d/live-in-your-dream-home-in/6567587072.html
https://sfbay.craigslist.org/sby/apa/d/living-at-its-best-tour-one/6567748185.html,2BR , 2Ba,1025ft2,apartment,5,4,1,1,0,1,0,6,295,https://sfbay.craigslist.org/sby/apa/d/living-at-its-best-tour-one/6567748185.html
https://sfbay.craigslist.org/sby/apa/d/located-on-1st-floor-ideal/6565540833.html,1BR , 1Ba,575ft2,apartment,2,4,1,0,0,0,0,9,262,https://sfbay.craigslist.org/sby/apa/d/located-on-1st-floor-ideal/6565540833.html
https://sfbay.craigslist.org/sby/apa/d/location-convenience/6540947767.html,2BR , 1Ba,1050ft2,apartment,5,4,0,0,0,1,0,16,236,https://sfbay.craigslist.org/sby/apa/d/location-convenience/6540947767.html
https://sfbay.craigslist.org/sby/apa/d/location-location-vintage/6567547478.html,1BR , 1Ba,741ft2,apartment,5,0,1,1,0,1,0,8,293,https://sfbay.craigslist.org/sby/apa/d/location-location-vintage/6567547478.html
https://sfbay.craigslist.org/sby/apa/d/look-no-further-we-have-this/6567611473.html,2BR , 2Ba,901ft2,apartment,5,4,1,1,0,0,0,7,206,https://sfbay.craigslist.org/sby/apa/d/look-no-further-we-have-this/6567611473.html
https://sfbay.craigslist.org/sby/apa/d/looking-for-place-to-call/6567586140.html,2BR , 2Ba,1180ft2,apartment,5,5,1,1,0,1,1,4,546,https://sfbay.craigslist.org/sby/apa/d/looking-for-place-to-call/6567586140.html
https://sfbay.craigslist.org/sby/apa/d/looking-for-the-perfect-1bd/6567676188.html,1BR , 1Ba,733ft2,apartment,2,4,0,0,0,0,0,9,311,https://sfbay.craigslist.org/sby/apa/d/looking-for-the-perfect-1bd/6567676188.html
https://sfbay.craigslist.org/sby/apa/d/los-altos-duplex-in-prime/6567503184.html,2BR , 1Ba,available may 26,duplex,3,6,0,0,0,1,0,5,79,https://sfbay.craigslist.org/sby/apa/d/los-altos-duplex-in-prime/6567503184.html
https://sfbay.craigslist.org/sby/apa/d/los-gatos-2-br-1ba-by-lg/6567577090.html,2BR , 1Ba,815ft2,apartment,2,4,0,0,0,1,0,8,301,https://sfbay.craigslist.org/sby/apa/d/los-gatos-2-br-1ba-by-lg/6567577090.html
https://sfbay.craigslist.org/sby/apa/d/lounge-by-the-pool-bbq-grill/6567775020.html,1BR , 1Ba,675ft2,apartment,2,4,1,1,0,1,0,16,166,https://sfbay.craigslist.org/sby/apa/d/lounge-by-the-pool-bbq-grill/6567775020.html
https://sfbay.craigslist.org/sby/apa/d/love-where-you-live-make/6567792525.html,2BR , 2Ba,1194ft2,apartment,5,5,1,1,0,1,0,15,129,https://sfbay.craigslist.org/sby/apa/d/love-where-you-live-make/6567792525.html
https://sfbay.craigslist.org/sby/apa/d/lovely-manhattan-style-loft/6567586783.html,1BR , 1.5Ba,1301ft2,apartment,5,5,1,1,0,1,0,8,381,https://sfbay.craigslist.org/sby/apa/d/lovely-manhattan-style-loft/6567586783.html
https://sfbay.craigslist.org/sby/apa/d/lovely-remodeled-home-in/6561314025.html,3BR , 2.5Ba,2029ft2,house,4,6,0,0,0,1,0,18,81,https://sfbay.craigslist.org/sby/apa/d/lovely-remodeled-home-in/6561314025.html
https://sfbay.craigslist.org/sby/apa/d/lush-landscaping-resort-pools/6567779402.html,1BR , 1Ba,available may 5,apartment,0,0,0,0,0,0,0,5,191,https://sfbay.craigslist.org/sby/apa/d/lush-landscaping-resort-pools/6567779402.html
https://sfbay.craigslist.org/sby/apa/d/lux-2x1-new-appliances-crown/6567434104.html,2BR , 1Ba,840ft2,apartment,5,4,0,0,0,0,0,7,276,https://sfbay.craigslist.org/sby/apa/d/lux-2x1-new-appliances-crown/6567434104.html
https://sfbay.craigslist.org/sby/apa/d/luxury-2-2-condo-unit-in/6561557848.html,2BR , 2Ba,922ft2,condo,5,5,0,0,0,1,0,24,190,https://sfbay.craigslist.org/sby/apa/d/luxury-2-2-condo-unit-in/6561557848.html
https://sfbay.craigslist.org/sby/apa/d/luxury-flat-spacious-layout/6567518300.html,1BR , 1Ba,935ft2,apartment,5,5,1,1,0,1,1,9,159,https://sfbay.craigslist.org/sby/apa/d/luxury-flat-spacious-layout/6567518300.html
https://sfbay.craigslist.org/sby/apa/d/luxury-one-bedroom-with/6567571814.html,1BR , 0Ba,available may 22,apartment,0,0,0,0,0,0,0,7,182,https://sfbay.craigslist.org/sby/apa/d/luxury-one-bedroom-with/6567571814.html
https://sfbay.craigslist.org/sby/apa/d/luxury-resort-living-in-the/6567580301.html,2BR , 1Ba,available apr 28,apartment,2,4,1,1,0,0,0,6,214,https://sfbay.craigslist.org/sby/apa/d/luxury-resort-living-in-the/6567580301.html
https://sfbay.craigslist.org/sby/apa/d/luxury-studios-one-bedrooms/6567582443.html,1BR , 1Ba,818ft2,apartment,5,6,1,1,0,1,1,6,83,https://sfbay.craigslist.org/sby/apa/d/luxury-studios-one-bedrooms/6567582443.html
https://sfbay.craigslist.org/sby/apa/d/luxury-town-home-living-in/6567776593.html,1BR , 1Ba,931ft2,apartment,5,5,1,1,0,1,1,10,160,https://sfbay.craigslist.org/sby/apa/d/luxury-town-home-living-in/6567776593.html
https://sfbay.craigslist.org/sby/apa/d/many-long-term-residents/6567712499.html,2BR , 1Ba,940ft2,apartment,4,4,1,1,0,1,0,20,102,https://sfbay.craigslist.org/sby/apa/d/many-long-term-residents/6567712499.html
https://sfbay.craigslist.org/sby/apa/d/master-or-spare-br-available/6567423933.html,2BR , 2Ba,available apr 22,apartment,5,5,0,0,0,0,0,22,473,https://sfbay.craigslist.org/sby/apa/d/master-or-spare-br-available/6567423933.html
https://sfbay.craigslist.org/sby/apa/d/milviaapartment-with-4-beds/6561226497.html,2BR , 1Ba,available may 16,apartment,4,1,0,0,1,1,0,7,159,https://sfbay.craigslist.org/sby/apa/d/milviaapartment-with-4-beds/6561226497.html
https://sfbay.craigslist.org/sby/apa/d/minutes-to-restaurants/6565828751.html,1BR , 1Ba,575ft2,apartment,2,4,1,0,0,0,0,9,262,https://sfbay.craigslist.org/sby/apa/d/minutes-to-restaurants/6565828751.html
https://sfbay.craigslist.org/sby/apa/d/modern-2-story-home-gourmet/6567634193.html,1BR , 1Ba,1001ft2,apartment,5,5,1,1,0,1,1,10,276,https://sfbay.craigslist.org/sby/apa/d/modern-2-story-home-gourmet/6567634193.html
https://sfbay.craigslist.org/sby/apa/d/modern-fully-equipped-1-bdr/6567474290.html,1BR , 1Ba,702ft2,apartment,5,5,1,1,0,1,1,6,211,https://sfbay.craigslist.org/sby/apa/d/modern-fully-equipped-1-bdr/6567474290.html
https://sfbay.craigslist.org/sby/apa/d/modern-loft-in-historic-plant/6558627751.html,1BR , 1.5Ba,841ft2,apartment,5,4,0,0,0,0,0,16,690,https://sfbay.craigslist.org/sby/apa/d/modern-loft-in-historic-plant/6558627751.html
https://sfbay.craigslist.org/sby/apa/d/montebello-condo-large-gated/6567777750.html,3BR , 2Ba,1578ft2,condo,5,5,0,0,0,0,0,6,141,https://sfbay.craigslist.org/sby/apa/d/montebello-condo-large-gated/6567777750.html
https://sfbay.craigslist.org/sby/apa/d/monthly-temporay-furnished/6567760169.html,1BR , 1Ba,286ft2,apartment,2,2,0,0,1,1,0,24,193,https://sfbay.craigslist.org/sby/apa/d/monthly-temporay-furnished/6567760169.html
https://sfbay.craigslist.org/sby/apa/d/mountain-view-cozy-suite/6567607025.html,1BR , 1Ba,400ft2,apartment,0,2,0,0,0,1,0,9,42,https://sfbay.craigslist.org/sby/apa/d/mountain-view-cozy-suite/6567607025.html
https://sfbay.craigslist.org/sby/apa/d/move-in-bonus-500/6567459132.html,1BR , 1Ba,536ft2,apartment,2,4,0,0,0,0,0,5,137,https://sfbay.craigslist.org/sby/apa/d/move-in-bonus-500/6567459132.html
https://sfbay.craigslist.org/sby/apa/d/move-in-may-9th-and-get-the/6567610491.html,2BR , 2Ba,951ft2,apartment,5,5,1,1,0,0,0,8,352,https://sfbay.craigslist.org/sby/apa/d/move-in-may-9th-and-get-the/6567610491.html
https://sfbay.craigslist.org/sby/apa/d/move-in-ready-1-bedroom/6567570081.html,1BR , 1Ba,650ft2,apartment,2,2,1,0,0,1,0,6,166,https://sfbay.craigslist.org/sby/apa/d/move-in-ready-1-bedroom/6567570081.html
https://sfbay.craigslist.org/sby/apa/d/move-in-ready-3rd-floor/6567723805.html,1BR , 1Ba,731ft2,apartment,5,4,1,1,0,1,0,7,241,https://sfbay.craigslist.org/sby/apa/d/move-in-ready-3rd-floor/6567723805.html
https://sfbay.craigslist.org/sby/apa/d/move-in-special-shasta/6555434902.html,3BR , 2Ba,1900ft2,duplex,5,3,0,0,0,0,0,4,185,https://sfbay.craigslist.org/sby/apa/d/move-in-special-shasta/6555434902.html
https://sfbay.craigslist.org/sby/apa/d/move-in-special-two-bedroom/6567759213.html,2BR , 1Ba,876ft2,apartment,5,4,1,1,0,1,0,10,249,https://sfbay.craigslist.org/sby/apa/d/move-in-special-two-bedroom/6567759213.html
https://sfbay.craigslist.org/sby/apa/d/move-in-specialoff-when-you/6567536715.html,1BR , 1Ba,700ft2,apartment,5,4,1,1,0,1,0,9,180,https://sfbay.craigslist.org/sby/apa/d/move-in-specialoff-when-you/6567536715.html
https://sfbay.craigslist.org/sby/apa/d/move-in-specialoff-when-you/6567782353.html,2BR , 2Ba,1000ft2,apartment,5,4,1,1,0,1,0,9,252,https://sfbay.craigslist.org/sby/apa/d/move-in-specialoff-when-you/6567782353.html
https://sfbay.craigslist.org/sby/apa/d/move-in-to-this-amazing-home/6567433287.html,2BR , 1Ba,870ft2,apartment,5,4,1,1,0,1,0,13,199,https://sfbay.craigslist.org/sby/apa/d/move-in-to-this-amazing-home/6567433287.html
https://sfbay.craigslist.org/sby/apa/d/move-in-to-this-amazing-home/6567434939.html,1BR , 1Ba,630ft2,apartment,5,4,1,1,0,1,0,13,201,https://sfbay.craigslist.org/sby/apa/d/move-in-to-this-amazing-home/6567434939.html
https://sfbay.craigslist.org/sby/apa/d/move-in-to-this-amazing-home/6567785688.html,2BR , 1Ba,870ft2,apartment,5,4,1,1,0,1,0,13,199,https://sfbay.craigslist.org/sby/apa/d/move-in-to-this-amazing-home/6567785688.html
https://sfbay.craigslist.org/sby/apa/d/move-in-to-this-amazing-home/6567786461.html,1BR , 1Ba,630ft2,apartment,5,4,1,1,0,1,0,13,201,https://sfbay.craigslist.org/sby/apa/d/move-in-to-this-amazing-home/6567786461.html
https://sfbay.craigslist.org/sby/apa/d/move-into-this-convenient/6567468296.html,0BR , 1Ba,available apr 21,apartment,5,0,1,1,0,1,0,7,312,https://sfbay.craigslist.org/sby/apa/d/move-into-this-convenient/6567468296.html
https://sfbay.craigslist.org/sby/apa/d/near-apple-amazon-starbucks/6557516919.html,1BR , 1Ba,770ft2,apartment,2,4,0,0,0,0,0,17,201,https://sfbay.craigslist.org/sby/apa/d/near-apple-amazon-starbucks/6557516919.html
https://sfbay.craigslist.org/sby/apa/d/near-google-apple-shuttle/6567470182.html,2BR , 2Ba,1060ft2,apartment,5,4,0,0,0,0,0,21,81,https://sfbay.craigslist.org/sby/apa/d/near-google-apple-shuttle/6567470182.html
https://sfbay.craigslist.org/sby/apa/d/near-public-transportation-24/6567731050.html,1BR , 1Ba,720ft2,apartment,5,2,1,1,0,1,0,5,151,https://sfbay.craigslist.org/sby/apa/d/near-public-transportation-24/6567731050.html
https://sfbay.craigslist.org/sby/apa/d/need-to-move-in-now-catch/6567658845.html,2BR , 2Ba,1147ft2,apartment,5,4,1,1,0,1,0,10,314,https://sfbay.craigslist.org/sby/apa/d/need-to-move-in-now-catch/6567658845.html
https://sfbay.craigslist.org/sby/apa/d/new-apt-sec8-ok-bad-credit-ok/6559231360.html,2BR , 1Ba,800ft2,apartment,4,5,0,0,0,0,0,24,145,https://sfbay.craigslist.org/sby/apa/d/new-apt-sec8-ok-bad-credit-ok/6559231360.html
https://sfbay.craigslist.org/sby/apa/d/new-community-non-smoking-pet/6567452503.html,1BR , 1Ba,769ft2,apartment,5,2,1,1,0,1,1,9,104,https://sfbay.craigslist.org/sby/apa/d/new-community-non-smoking-pet/6567452503.html
https://sfbay.craigslist.org/sby/apa/d/new-dual-pane-windows-and/6567707257.html,4BR , 2.5Ba,1987ft2,house,4,6,1,1,0,0,0,10,52,https://sfbay.craigslist.org/sby/apa/d/new-dual-pane-windows-and/6567707257.html
https://sfbay.craigslist.org/sby/apa/d/new-floors-stainless-steel/6564981125.html,1BR , 1Ba,available apr 18,apartment,2,4,1,0,0,1,0,15,249,https://sfbay.craigslist.org/sby/apa/d/new-floors-stainless-steel/6564981125.html
https://sfbay.craigslist.org/sby/apa/d/new-on-the-market-2x2-bright/6558586103.html,2BR , 2Ba,1050ft2,apartment,5,4,0,0,0,1,1,24,231,https://sfbay.craigslist.org/sby/apa/d/new-on-the-market-2x2-bright/6558586103.html
https://sfbay.craigslist.org/sby/apa/d/new-paint-new-carpet-new/6567576707.html,1BR , 1Ba,531ft2,apartment,5,0,1,1,0,1,0,21,444,https://sfbay.craigslist.org/sby/apa/d/new-paint-new-carpet-new/6567576707.html
https://sfbay.craigslist.org/sby/apa/d/new-unit-move-in-bonus-next/6559234833.html,2BR , 1Ba,800ft2,apartment,4,5,0,0,0,0,0,23,152,https://sfbay.craigslist.org/sby/apa/d/new-unit-move-in-bonus-next/6559234833.html
https://sfbay.craigslist.org/sby/apa/d/new-unit-prime-location-next/6559240991.html,2BR , 1Ba,800ft2,apartment,4,5,0,0,0,0,0,24,163,https://sfbay.craigslist.org/sby/apa/d/new-unit-prime-location-next/6559240991.html
https://sfbay.craigslist.org/sby/apa/d/newer-apartment-home-with-all/6567621002.html,2BR , 2Ba,1065ft2,apartment,5,5,1,1,0,1,1,23,385,https://sfbay.craigslist.org/sby/apa/d/newer-apartment-home-with-all/6567621002.html
https://sfbay.craigslist.org/sby/apa/d/newly-constructed-house-for/6559625415.html,3BR , 2.5Ba,1500ft2,duplex,0,0,0,0,0,1,0,6,91,https://sfbay.craigslist.org/sby/apa/d/newly-constructed-house-for/6559625415.html
https://sfbay.craigslist.org/sby/apa/d/newly-constructed-luxurious/6558085945.html,6BR , 4Ba,2600ft2,apartment,5,6,0,0,0,0,0,18,121,https://sfbay.craigslist.org/sby/apa/d/newly-constructed-luxurious/6558085945.html
https://sfbay.craigslist.org/sby/apa/d/newly-remodeled-2-bedroom-1/6541632303.html,2BR , 1Ba,900ft2,apartment,2,4,1,1,0,1,0,16,234,https://sfbay.craigslist.org/sby/apa/d/newly-remodeled-2-bedroom-1/6541632303.html
https://sfbay.craigslist.org/sby/apa/d/newly-remodeled-2bedroom1bath/6567690285.html,2BR , 1Ba,820ft2,apartment,4,4,0,0,0,1,0,11,93,https://sfbay.craigslist.org/sby/apa/d/newly-remodeled-2bedroom1bath/6567690285.html
https://sfbay.craigslist.org/sby/apa/d/newly-renovated-1-bed-1-bath/6567431339.html,1BR , 1Ba,748ft2,apartment,5,4,1,1,0,1,0,15,85,https://sfbay.craigslist.org/sby/apa/d/newly-renovated-1-bed-1-bath/6567431339.html
https://sfbay.craigslist.org/sby/apa/d/newly-renovated-3-2-with/6567788495.html,3BR , 2Ba,1160ft2,apartment,5,5,1,1,0,1,0,12,181,https://sfbay.craigslist.org/sby/apa/d/newly-renovated-3-2-with/6567788495.html
https://sfbay.craigslist.org/sby/apa/d/newly-renovated-affordable/6567618681.html,0BR , 1Ba,350ft2,in-law,2,3,0,0,0,1,0,6,168,https://sfbay.craigslist.org/sby/apa/d/newly-renovated-affordable/6567618681.html
https://sfbay.craigslist.org/sby/apa/d/newly-renovated-spaious-2x2/6567580897.html,2BR , 2Ba,1005ft2,apartment,5,4,0,0,0,0,0,17,69,https://sfbay.craigslist.org/sby/apa/d/newly-renovated-spaious-2x2/6567580897.html
https://sfbay.craigslist.org/sby/apa/d/newly-renovated-studio-call/6567721689.html,0BR , 1Ba,438ft2,apartment,2,4,1,1,0,1,0,7,169,https://sfbay.craigslist.org/sby/apa/d/newly-renovated-studio-call/6567721689.html
https://sfbay.craigslist.org/sby/apa/d/next-to-shopping-vta-grocery/6559238004.html,2BR , 1Ba,800ft2,apartment,4,5,0,0,0,0,0,23,156,https://sfbay.craigslist.org/sby/apa/d/next-to-shopping-vta-grocery/6559238004.html
https://sfbay.craigslist.org/sby/apa/d/next-to-shopping-vta-new-unit/6559223907.html,2BR , 1Ba,800ft2,apartment,4,5,0,0,0,0,0,24,173,https://sfbay.craigslist.org/sby/apa/d/next-to-shopping-vta-new-unit/6559223907.html
https://sfbay.craigslist.org/sby/apa/d/nice-spacious-1bd-1bth/6567388977.html,1BR , 1Ba,available may 1,apartment,4,4,0,0,0,0,0,7,74,https://sfbay.craigslist.org/sby/apa/d/nice-spacious-1bd-1bth/6567388977.html
https://sfbay.craigslist.org/sby/apa/d/no-one-above-below-you-2bd-25/6567640562.html,2BR , 2.5Ba,1253ft2,townhouse,5,5,0,0,0,0,0,24,298,https://sfbay.craigslist.org/sby/apa/d/no-one-above-below-you-2bd-25/6567640562.html
https://sfbay.craigslist.org/sby/apa/d/no-upstairs-neighbors-2/6567672926.html,2BR , 1Ba,915ft2,apartment,5,4,1,1,0,1,0,15,815,https://sfbay.craigslist.org/sby/apa/d/no-upstairs-neighbors-2/6567672926.html
https://sfbay.craigslist.org/sby/apa/d/now-hear-this-you-will-love/6560025528.html,0BR , 1Ba,420ft2,apartment,2,4,0,0,0,0,0,21,161,https://sfbay.craigslist.org/sby/apa/d/now-hear-this-you-will-love/6560025528.html
https://sfbay.craigslist.org/sby/apa/d/now-only-2x2-available-move/6567771684.html,2BR , 2Ba,980ft2,apartment,5,5,1,1,0,1,0,8,218,https://sfbay.craigslist.org/sby/apa/d/now-only-2x2-available-move/6567771684.html
https://sfbay.craigslist.org/sby/apa/d/oka-rd-move-in-ready-by-may/6567576522.html,2BR , 1Ba,815ft2,apartment,2,4,0,0,0,1,0,8,301,https://sfbay.craigslist.org/sby/apa/d/oka-rd-move-in-ready-by-may/6567576522.html
https://sfbay.craigslist.org/sby/apa/d/on-site-maintenance-balcony/6567600947.html,1BR , 1Ba,616ft2,apartment,5,4,1,1,0,0,0,3,368,https://sfbay.craigslist.org/sby/apa/d/on-site-maintenance-balcony/6567600947.html
https://sfbay.craigslist.org/sby/apa/d/one-bedroom-apt-with-access/6567507442.html,1BR , 1Ba,700ft2,apartment,5,0,1,1,0,1,0,9,439,https://sfbay.craigslist.org/sby/apa/d/one-bedroom-apt-with-access/6567507442.html
https://sfbay.craigslist.org/sby/apa/d/one-bedroom-fireplace-gas/6567573990.html,1BR , 1Ba,700ft2,apartment,5,4,0,0,0,0,0,12,280,https://sfbay.craigslist.org/sby/apa/d/one-bedroom-fireplace-gas/6567573990.html
https://sfbay.craigslist.org/sby/apa/d/one-bedroom-great-space-and/6567578509.html,1BR , 1Ba,775ft2,apartment,4,5,1,1,0,0,0,9,190,https://sfbay.craigslist.org/sby/apa/d/one-bedroom-great-space-and/6567578509.html
https://sfbay.craigslist.org/sby/apa/d/one-bedroom-home-with-hard/6567726488.html,1BR , 1Ba,798ft2,apartment,5,5,1,1,0,1,0,10,314,https://sfbay.craigslist.org/sby/apa/d/one-bedroom-home-with-hard/6567726488.html
https://sfbay.craigslist.org/sby/apa/d/one-bedroom-one-bath/6567462983.html,1BR , 1Ba,790ft2,apartment,5,4,0,0,0,0,0,12,280,https://sfbay.craigslist.org/sby/apa/d/one-bedroom-one-bath/6567462983.html
https://sfbay.craigslist.org/sby/apa/d/one-month-free-call-for/6560951411.html,1BR , 1Ba,560ft2,apartment,2,2,0,0,0,0,0,17,80,https://sfbay.craigslist.org/sby/apa/d/one-month-free-call-for/6560951411.html
https://sfbay.craigslist.org/sby/apa/d/one-month-free-call-for/6561357652.html,1BR , 1Ba,560ft2,apartment,2,2,0,0,0,0,0,17,121,https://sfbay.craigslist.org/sby/apa/d/one-month-free-call-for/6561357652.html
https://sfbay.craigslist.org/sby/apa/d/one-of-kind-loft-for-rent-at/6559215504.html,1BR , 1.5Ba,842ft2,apartment,5,4,0,0,0,0,0,15,660,https://sfbay.craigslist.org/sby/apa/d/one-of-kind-loft-for-rent-at/6559215504.html
https://sfbay.craigslist.org/sby/apa/d/one-story-home-south-san-jose/6560702177.html,4BR , 1.5Ba,1268ft2,house,0,6,0,0,0,0,0,8,91,https://sfbay.craigslist.org/sby/apa/d/one-story-home-south-san-jose/6560702177.html
https://sfbay.craigslist.org/sby/apa/d/open-house-sunpm-nice-3-br-25/6567624759.html,3BR , 2.5Ba,1500ft2,house,5,6,0,0,0,1,0,15,257,https://sfbay.craigslist.org/sby/apa/d/open-house-sunpm-nice-3-br-25/6567624759.html
https://sfbay.craigslist.org/sby/apa/d/open-house-this-weekend/6567734100.html,1BR , 1Ba,701ft2,apartment,5,6,1,1,0,1,1,6,83,https://sfbay.craigslist.org/sby/apa/d/open-house-this-weekend/6567734100.html
https://sfbay.craigslist.org/sby/apa/d/open-house-till-noon-today/6567479814.html,1BR , 1Ba,625ft2,apartment,2,2,0,0,0,0,0,12,137,https://sfbay.craigslist.org/sby/apa/d/open-house-till-noon-today/6567479814.html
https://sfbay.craigslist.org/sby/apa/d/open-now-1x1-townhouse-newly/6562220303.html,1BR , 1Ba,770ft2,apartment,2,6,0,0,0,0,0,5,188,https://sfbay.craigslist.org/sby/apa/d/open-now-1x1-townhouse-newly/6562220303.html
https://sfbay.craigslist.org/sby/apa/d/our-last-studio-remaining/6567465917.html,0BR , 1Ba,607ft2,apartment,5,5,1,1,0,1,1,8,522,https://sfbay.craigslist.org/sby/apa/d/our-last-studio-remaining/6567465917.html
https://sfbay.craigslist.org/sby/apa/d/outlet-stores-starbucks/6563627584.html,1BR , 1Ba,626ft2,apartment,0,0,0,0,0,0,0,19,70,https://sfbay.craigslist.org/sby/apa/d/outlet-stores-starbucks/6563627584.html
https://sfbay.craigslist.org/sby/apa/d/over-998sqft-1-bedroom-den/6567671798.html,1BR , 1Ba,999ft2,apartment,5,5,1,1,0,1,0,14,204,https://sfbay.craigslist.org/sby/apa/d/over-998sqft-1-bedroom-den/6567671798.html
https://sfbay.craigslist.org/sby/apa/d/patio-storage-near-ranch99/6567795649.html,2BR , 2Ba,1064ft2,apartment,5,4,0,0,0,1,0,6,313,https://sfbay.craigslist.org/sby/apa/d/patio-storage-near-ranch99/6567795649.html
https://sfbay.craigslist.org/sby/apa/d/pavona-apartments-is-open-7/6567589735.html,1BR , 1Ba,642ft2,apartment,5,0,1,1,0,0,0,17,439,https://sfbay.craigslist.org/sby/apa/d/pavona-apartments-is-open-7/6567589735.html
https://sfbay.craigslist.org/sby/apa/d/people-love-us-on-yelp-large/6567440029.html,2BR , 2Ba,1064ft2,apartment,5,4,0,0,0,1,0,7,286,https://sfbay.craigslist.org/sby/apa/d/people-love-us-on-yelp-large/6567440029.html
https://sfbay.craigslist.org/sby/apa/d/perfect-for-roomatesmove-in/6560947239.html,2BR , 2Ba,1242ft2,apartment,5,4,1,1,0,1,0,4,107,https://sfbay.craigslist.org/sby/apa/d/perfect-for-roomatesmove-in/6560947239.html
https://sfbay.craigslist.org/sby/apa/d/pet-friendly-1br-1ba-apt-home/6567676271.html,1BR , 1Ba,536ft2,apartment,0,0,1,1,0,0,0,3,226,https://sfbay.craigslist.org/sby/apa/d/pet-friendly-1br-1ba-apt-home/6567676271.html
https://sfbay.craigslist.org/sby/apa/d/pet-friendly-community-bring/6567738497.html,1BR , 1Ba,654ft2,apartment,5,6,1,1,0,1,1,7,83,https://sfbay.craigslist.org/sby/apa/d/pet-friendly-community-bring/6567738497.html
https://sfbay.craigslist.org/sby/apa/d/pet-friendly-community-with/6567601326.html,1BR , 1Ba,869ft2,apartment,5,2,1,1,0,1,1,8,175,https://sfbay.craigslist.org/sby/apa/d/pet-friendly-community-with/6567601326.html
https://sfbay.craigslist.org/sby/apa/d/pet-friendly-professionally/6567538136.html,2BR , 2Ba,1028ft2,apartment,5,0,1,1,0,1,0,12,295,https://sfbay.craigslist.org/sby/apa/d/pet-friendly-professionally/6567538136.html
https://sfbay.craigslist.org/sby/apa/d/pet-friendly-top-floor-unit/6562925192.html,3BR , 3Ba,1548ft2,condo,5,6,1,1,0,1,0,24,222,https://sfbay.craigslist.org/sby/apa/d/pet-friendly-top-floor-unit/6562925192.html
https://sfbay.craigslist.org/sby/apa/d/pet-perfect-1x1-large-patio/6567753552.html,1BR , 1Ba,735ft2,apartment,5,4,1,1,0,1,0,11,778,https://sfbay.craigslist.org/sby/apa/d/pet-perfect-1x1-large-patio/6567753552.html
https://sfbay.craigslist.org/sby/apa/d/pets-welcome-clean-quiet/6567355127.html,1BR , 1Ba,483ft2,apartment,4,2,1,1,0,0,0,6,366,https://sfbay.craigslist.org/sby/apa/d/pets-welcome-clean-quiet/6567355127.html
https://sfbay.craigslist.org/sby/apa/d/planked-flooring-one-bedroom/6567596071.html,1BR , 1Ba,650ft2,apartment,4,5,1,1,0,0,0,9,169,https://sfbay.craigslist.org/sby/apa/d/planked-flooring-one-bedroom/6567596071.html
https://sfbay.craigslist.org/sby/apa/d/pool-24hr-fitness-great/6567657076.html,1BR , 1Ba,765ft2,apartment,2,0,0,0,0,0,0,18,101,https://sfbay.craigslist.org/sby/apa/d/pool-24hr-fitness-great/6567657076.html
https://sfbay.craigslist.org/sby/apa/d/pool-apple-google-cat-ok-ac/6567706508.html,1BR , 1Ba,660ft2,apartment,2,4,1,0,0,0,0,16,190,https://sfbay.craigslist.org/sby/apa/d/pool-apple-google-cat-ok-ac/6567706508.html
https://sfbay.craigslist.org/sby/apa/d/preferred-large-2-bedroom/6560857877.html,2BR , 1Ba,828ft2,apartment,4,4,0,0,0,0,0,9,68,https://sfbay.craigslist.org/sby/apa/d/preferred-large-2-bedroom/6560857877.html
https://sfbay.craigslist.org/sby/apa/d/private-apartment-1-bed-bath/6567708334.html,1BR , 1Ba,700ft2,apartment,5,2,0,0,0,1,0,8,202,https://sfbay.craigslist.org/sby/apa/d/private-apartment-1-bed-bath/6567708334.html
https://sfbay.craigslist.org/sby/apa/d/private-location-in-home/6567684841.html,1BR , 1Ba,869ft2,apartment,5,4,1,1,0,1,0,15,241,https://sfbay.craigslist.org/sby/apa/d/private-location-in-home/6567684841.html
https://sfbay.craigslist.org/sby/apa/d/professional-staff-youll-love/6563085151.html,1BR , 1Ba,640ft2,apartment,2,4,0,0,0,0,0,17,148,https://sfbay.craigslist.org/sby/apa/d/professional-staff-youll-love/6563085151.html
https://sfbay.craigslist.org/sby/apa/d/professionally-managed/6567639982.html,2BR , 2Ba,940ft2,apartment,0,0,0,0,0,0,0,3,226,https://sfbay.craigslist.org/sby/apa/d/professionally-managed/6567639982.html
https://sfbay.craigslist.org/sby/apa/d/quartz-counters-large-windows/6567558430.html,1BR , 1Ba,747ft2,apartment,5,4,1,1,0,1,0,11,189,https://sfbay.craigslist.org/sby/apa/d/quartz-counters-large-windows/6567558430.html
https://sfbay.craigslist.org/sby/apa/d/quartz-countertops-two-tone/6567531239.html,2BR , 1Ba,830ft2,apartment,2,4,0,0,0,1,0,16,141,https://sfbay.craigslist.org/sby/apa/d/quartz-countertops-two-tone/6567531239.html
https://sfbay.craigslist.org/sby/apa/d/ready-for-bbq-season-1st/6567669987.html,1BR , 1Ba,769ft2,apartment,5,4,1,1,0,1,1,9,247,https://sfbay.craigslist.org/sby/apa/d/ready-for-bbq-season-1st/6567669987.html
https://sfbay.craigslist.org/sby/apa/d/recreation-room-remodled/6561812490.html,2BR , 1Ba,960ft2,apartment,5,0,0,0,0,0,0,7,283,https://sfbay.craigslist.org/sby/apa/d/recreation-room-remodled/6561812490.html
https://sfbay.craigslist.org/sby/apa/d/remodeled-1-bed-1-bath/6554675921.html,1BR , 1Ba,720ft2,apartment,2,4,1,1,0,1,0,13,234,https://sfbay.craigslist.org/sby/apa/d/remodeled-1-bed-1-bath/6554675921.html
https://sfbay.craigslist.org/sby/apa/d/remodeled-2br-15ba-apt/6563757508.html,2BR , 1.5Ba,840ft2,apartment,2,4,1,0,0,0,0,11,223,https://sfbay.craigslist.org/sby/apa/d/remodeled-2br-15ba-apt/6563757508.html
https://sfbay.craigslist.org/sby/apa/d/remodeled-3-bedroom-2/6567724466.html,3BR , 2Ba,1200ft2,house,3,6,0,0,0,1,0,5,147,https://sfbay.craigslist.org/sby/apa/d/remodeled-3-bedroom-2/6567724466.html
https://sfbay.craigslist.org/sby/apa/d/remodeled-like-new-patio/6548289675.html,2BR , 1Ba,790ft2,apartment,2,4,0,0,0,1,0,11,692,https://sfbay.craigslist.org/sby/apa/d/remodeled-like-new-patio/6548289675.html
https://sfbay.craigslist.org/sby/apa/d/renovated-1bd-1ba-in/6567707849.html,1BR , 1Ba,858ft2,apartment,5,5,1,1,0,1,1,10,499,https://sfbay.craigslist.org/sby/apa/d/renovated-1bd-1ba-in/6567707849.html
https://sfbay.craigslist.org/sby/apa/d/renovated-1bd-1ba-with-tons/6567624381.html,1BR , 1Ba,725ft2,apartment,5,4,1,1,0,1,0,9,338,https://sfbay.craigslist.org/sby/apa/d/renovated-1bd-1ba-with-tons/6567624381.html
https://sfbay.craigslist.org/sby/apa/d/renovated-1x1s-in-tranquil/6567531919.html,1BR , 1Ba,617ft2,apartment,2,4,0,0,0,1,0,19,88,https://sfbay.craigslist.org/sby/apa/d/renovated-1x1s-in-tranquil/6567531919.html
https://sfbay.craigslist.org/sby/apa/d/resort-amenities-great/6567461025.html,2BR , 1Ba,available may 19,apartment,2,4,1,1,0,0,0,6,163,https://sfbay.craigslist.org/sby/apa/d/resort-amenities-great/6567461025.html
https://sfbay.craigslist.org/sby/apa/d/resort-style-living-on/6567761555.html,1BR , 1Ba,818ft2,apartment,5,5,1,1,0,1,0,7,208,https://sfbay.craigslist.org/sby/apa/d/resort-style-living-on/6567761555.html
https://sfbay.craigslist.org/sby/apa/d/right-around-the-corner-near/6567752866.html,1BR , 1Ba,550ft2,apartment,2,4,0,1,0,1,0,9,323,https://sfbay.craigslist.org/sby/apa/d/right-around-the-corner-near/6567752866.html
https://sfbay.craigslist.org/sby/apa/d/san-jose-downtown-2br-apt/6560161361.html,2BR , 1Ba,850ft2,apartment,4,0,1,0,0,0,0,13,212,https://sfbay.craigslist.org/sby/apa/d/san-jose-downtown-2br-apt/6560161361.html
https://sfbay.craigslist.org/sby/apa/d/santana-row-is-the-place-to/6567488704.html,2BR , 2Ba,1457ft2,apartment,5,6,1,1,0,1,0,8,186,https://sfbay.craigslist.org/sby/apa/d/santana-row-is-the-place-to/6567488704.html
https://sfbay.craigslist.org/sby/apa/d/see-why-amalfi-is-the-place/6567582538.html,2BR , 2Ba,829ft2,apartment,5,0,0,1,0,1,1,12,304,https://sfbay.craigslist.org/sby/apa/d/see-why-amalfi-is-the-place/6567582538.html
https://sfbay.craigslist.org/sby/apa/d/sfr-walk-2-almaden-lake-ez/6567739679.html,3BR , 2.5Ba,1285ft2,house,2,6,0,0,0,1,0,24,207,https://sfbay.craigslist.org/sby/apa/d/sfr-walk-2-almaden-lake-ez/6567739679.html
https://sfbay.craigslist.org/sby/apa/d/sharp-1-bedroom-condo-beauty/6549489153.html,1BR , 1Ba,678ft2,condo,4,4,0,0,0,0,0,8,118,https://sfbay.craigslist.org/sby/apa/d/sharp-1-bedroom-condo-beauty/6549489153.html
https://sfbay.craigslist.org/sby/apa/d/single-level-1-bed-1-bath/6567757379.html,1BR , 1Ba,694ft2,apartment,5,4,1,1,0,1,0,18,102,https://sfbay.craigslist.org/sby/apa/d/single-level-1-bed-1-bath/6567757379.html
https://sfbay.craigslist.org/sby/apa/d/sj-downtown-studio/6555939072.html,0BR , 1Ba,500ft2,apartment,2,1,0,0,0,1,0,4,142,https://sfbay.craigslist.org/sby/apa/d/sj-downtown-studio/6555939072.html
https://sfbay.craigslist.org/sby/apa/d/sjsu-across-street-with/6551528957.html,2BR , 1.5Ba,848ft2,apartment,4,4,0,0,0,0,0,9,47,https://sfbay.craigslist.org/sby/apa/d/sjsu-across-street-with/6551528957.html
https://sfbay.craigslist.org/sby/apa/d/sjsu-new-designer-remodel/6567654617.html,1BR , 1Ba,available mar 20,apartment,4,4,0,0,0,0,0,3,304,https://sfbay.craigslist.org/sby/apa/d/sjsu-new-designer-remodel/6567654617.html
https://sfbay.craigslist.org/sby/apa/d/so-much-living-space-in-this/6567634989.html,1BR , 1Ba,1003ft2,apartment,5,6,0,0,0,0,0,11,269,https://sfbay.craigslist.org/sby/apa/d/so-much-living-space-in-this/6567634989.html
https://sfbay.craigslist.org/sby/apa/d/spacious-1-bedroom-a-great/6567545994.html,1BR , 1Ba,914ft2,apartment,5,5,1,1,0,1,0,5,282,https://sfbay.craigslist.org/sby/apa/d/spacious-1-bedroom-a-great/6567545994.html
https://sfbay.craigslist.org/sby/apa/d/spacious-2-bedroom-in-the/6567516695.html,2BR , 2Ba,1116ft2,apartment,0,0,1,1,0,1,1,6,347,https://sfbay.craigslist.org/sby/apa/d/spacious-2-bedroom-in-the/6567516695.html
https://sfbay.craigslist.org/sby/apa/d/spacious-3-bedroom-see-today/6567559829.html,3BR , 3Ba,1495ft2,apartment,5,5,1,1,0,1,0,7,323,https://sfbay.craigslist.org/sby/apa/d/spacious-3-bedroom-see-today/6567559829.html
https://sfbay.craigslist.org/sby/apa/d/spacious-808-sq-ft-one-bed/6560427953.html,1BR , 1Ba,808ft2,apartment,5,0,1,1,0,0,0,7,250,https://sfbay.craigslist.org/sby/apa/d/spacious-808-sq-ft-one-bed/6560427953.html
https://sfbay.craigslist.org/sby/apa/d/spacious-corner-2-bed-2-bath/6548371248.html,2BR , 2Ba,1012ft2,apartment,2,4,1,1,0,0,0,7,148,https://sfbay.craigslist.org/sby/apa/d/spacious-corner-2-bed-2-bath/6548371248.html
https://sfbay.craigslist.org/sby/apa/d/spacious-downstairs-one/6567738720.html,2BR , 2Ba,900ft2,apartment,2,4,0,0,0,1,0,16,177,https://sfbay.craigslist.org/sby/apa/d/spacious-downstairs-one/6567738720.html
https://sfbay.craigslist.org/sby/apa/d/spacious-studio-available/6560772061.html,0BR , 1Ba,400ft2,apartment,2,4,1,1,0,0,0,2,107,https://sfbay.craigslist.org/sby/apa/d/spacious-studio-available/6560772061.html
https://sfbay.craigslist.org/sby/apa/d/spacious-top-floor-apartment/6558623598.html,1BR , 1Ba,770ft2,apartment,2,4,0,0,0,0,0,17,143,https://sfbay.craigslist.org/sby/apa/d/spacious-top-floor-apartment/6558623598.html
https://sfbay.craigslist.org/sby/apa/d/sparkling-new-remodeled/6567377944.html,2BR , 2Ba,1002ft2,apartment,4,6,0,0,0,1,0,24,466,https://sfbay.craigslist.org/sby/apa/d/sparkling-new-remodeled/6567377944.html
https://sfbay.craigslist.org/sby/apa/d/special-promotion-on-this-1x1/6567688663.html,1BR , 1Ba,796ft2,apartment,5,4,1,1,0,1,0,4,223,https://sfbay.craigslist.org/sby/apa/d/special-promotion-on-this-1x1/6567688663.html
https://sfbay.craigslist.org/sby/apa/d/specials-pricing-at-levare/6567601392.html,1BR , 1Ba,907ft2,apartment,5,5,1,1,0,1,0,14,208,https://sfbay.craigslist.org/sby/apa/d/specials-pricing-at-levare/6567601392.html
https://sfbay.craigslist.org/sby/apa/d/spin-studio-landscaped/6567778777.html,1BR , 1Ba,675ft2,apartment,5,0,1,1,0,0,0,13,62,https://sfbay.craigslist.org/sby/apa/d/spin-studio-landscaped/6567778777.html
https://sfbay.craigslist.org/sby/apa/d/spring-is-in-the-air-start/6567670313.html,3BR , 2Ba,1050ft2,apartment,0,0,1,1,0,0,0,8,288,https://sfbay.craigslist.org/sby/apa/d/spring-is-in-the-air-start/6567670313.html
https://sfbay.craigslist.org/sby/apa/d/stainless-steel-appliances/6567674517.html,1BR , 1Ba,675ft2,apartment,5,0,1,1,0,0,0,13,60,https://sfbay.craigslist.org/sby/apa/d/stainless-steel-appliances/6567674517.html
https://sfbay.craigslist.org/sby/apa/d/stop-over-paying-qualify-and/6567470111.html,2BR , 2Ba,980ft2,apartment,4,4,1,1,0,0,0,6,330,https://sfbay.craigslist.org/sby/apa/d/stop-over-paying-qualify-and/6567470111.html
https://sfbay.craigslist.org/sby/apa/d/studio-apartment-for-rent/6567532594.html,1BR , 1Ba,565ft2,apartment,5,6,0,0,0,0,0,7,379,https://sfbay.craigslist.org/sby/apa/d/studio-apartment-for-rent/6567532594.html
https://sfbay.craigslist.org/sby/apa/d/studio-available-ready-to/6565704165.html,0BR , 1Ba,516ft2,apartment,0,0,0,0,0,0,0,9,155,https://sfbay.craigslist.org/sby/apa/d/studio-available-ready-to/6565704165.html
https://sfbay.craigslist.org/sby/apa/d/studio-for-rent-near/6551861267.html,0BR , 1Ba,408ft2,apartment,4,4,0,0,0,0,0,5,174,https://sfbay.craigslist.org/sby/apa/d/studio-for-rent-near/6551861267.html
https://sfbay.craigslist.org/sby/apa/d/studio-in-sofa-district-dt-sj/6550819033.html,0BR , 1Ba,500ft2,apartment,2,1,0,0,0,1,0,4,153,https://sfbay.craigslist.org/sby/apa/d/studio-in-sofa-district-dt-sj/6550819033.html
https://sfbay.craigslist.org/sby/apa/d/stunning-scenery-relaxed/6567735145.html,1BR , 1Ba,693ft2,apartment,5,0,1,1,0,1,0,11,263,https://sfbay.craigslist.org/sby/apa/d/stunning-scenery-relaxed/6567735145.html
https://sfbay.craigslist.org/sby/apa/d/stylish-upgrades-quartz/6564176566.html,1BR , 1Ba,600ft2,apartment,2,0,0,0,0,0,0,9,251,https://sfbay.craigslist.org/sby/apa/d/stylish-upgrades-quartz/6564176566.html
https://sfbay.craigslist.org/sby/apa/d/sunny-corner-home-available/6567694175.html,3BR , 2Ba,1185ft2,apartment,5,5,1,1,0,1,0,15,261,https://sfbay.craigslist.org/sby/apa/d/sunny-corner-home-available/6567694175.html
https://sfbay.craigslist.org/sby/apa/d/sunny-town-home-with-3-floors/6567679925.html,2BR , 2.5Ba,955ft2,apartment,5,5,1,1,0,1,1,11,221,https://sfbay.craigslist.org/sby/apa/d/sunny-town-home-with-3-floors/6567679925.html
https://sfbay.craigslist.org/sby/apa/d/sunnyvales-best-award-winning/6567777967.html,1BR , 1Ba,563ft2,apartment,2,0,0,0,0,0,0,7,319,https://sfbay.craigslist.org/sby/apa/d/sunnyvales-best-award-winning/6567777967.html
https://sfbay.craigslist.org/sby/apa/d/the-grove-and-you-are-meant/6567614697.html,2BR , 2Ba,912ft2,apartment,5,4,1,1,0,1,0,10,269,https://sfbay.craigslist.org/sby/apa/d/the-grove-and-you-are-meant/6567614697.html
https://sfbay.craigslist.org/sby/apa/d/the-grove-garden-is-waiting/6567615262.html,1BR , 1Ba,659ft2,apartment,5,4,1,1,0,1,0,8,271,https://sfbay.craigslist.org/sby/apa/d/the-grove-garden-is-waiting/6567615262.html
https://sfbay.craigslist.org/sby/apa/d/this-2x2-apartment-features/6567491897.html,2BR , 2Ba,950ft2,apartment,5,0,1,1,0,1,0,10,328,https://sfbay.craigslist.org/sby/apa/d/this-2x2-apartment-features/6567491897.html
https://sfbay.craigslist.org/sby/apa/d/this-beautiful-2x15-wont-last/6561819211.html,2BR , 1.5Ba,924ft2,apartment,2,4,0,0,0,0,0,21,299,https://sfbay.craigslist.org/sby/apa/d/this-beautiful-2x15-wont-last/6561819211.html
https://sfbay.craigslist.org/sby/apa/d/three-bedroom-three-bath-2/6567757819.html,3BR , 3Ba,1319ft2,apartment,5,4,1,1,0,1,0,11,230,https://sfbay.craigslist.org/sby/apa/d/three-bedroom-three-bath-2/6567757819.html
https://sfbay.craigslist.org/sby/apa/d/top-5th-floor-corner-home-18/6561922750.html,1BR , 1Ba,812ft2,apartment,5,5,1,1,0,1,1,24,465,https://sfbay.craigslist.org/sby/apa/d/top-5th-floor-corner-home-18/6561922750.html
https://sfbay.craigslist.org/sby/apa/d/top-floor-2bd-2bath-apartment/6567472913.html,2BR , 2Ba,911ft2,apartment,5,0,1,1,0,1,0,12,246,https://sfbay.craigslist.org/sby/apa/d/top-floor-2bd-2bath-apartment/6567472913.html
https://sfbay.craigslist.org/sby/apa/d/top-floor-del-bellagio-is/6567612443.html,2BR , 2Ba,1178ft2,apartment,5,5,1,1,0,0,0,24,329,https://sfbay.craigslist.org/sby/apa/d/top-floor-del-bellagio-is/6567612443.html
https://sfbay.craigslist.org/sby/apa/d/tour-this-new-1x1-apartment/6567532930.html,1BR , 1Ba,701ft2,apartment,5,4,1,1,0,0,0,8,208,https://sfbay.craigslist.org/sby/apa/d/tour-this-new-1x1-apartment/6567532930.html
https://sfbay.craigslist.org/sby/apa/d/townhome-style-apartment/6567562122.html,2BR , 2Ba,1013ft2,apartment,5,4,1,1,0,1,0,4,153,https://sfbay.craigslist.org/sby/apa/d/townhome-style-apartment/6567562122.html
https://sfbay.craigslist.org/sby/apa/d/two-bedroom-apartment-walk-in/6567566952.html,2BR , 2Ba,1142ft2,apartment,5,6,1,1,0,1,0,16,324,https://sfbay.craigslist.org/sby/apa/d/two-bedroom-apartment-walk-in/6567566952.html
https://sfbay.craigslist.org/sby/apa/d/two-bedroom-town-home-with/6567665721.html,2BR , 2.5Ba,1125ft2,apartment,5,4,1,1,0,1,0,12,255,https://sfbay.craigslist.org/sby/apa/d/two-bedroom-town-home-with/6567665721.html
https://sfbay.craigslist.org/sby/apa/d/uber-contemporary/6567466482.html,1BR , 1Ba,665ft2,apartment,5,5,1,1,0,1,1,6,243,https://sfbay.craigslist.org/sby/apa/d/uber-contemporary/6567466482.html
https://sfbay.craigslist.org/sby/apa/d/updated-downstairs-1-1/6567631341.html,1BR , 1Ba,600ft2,apartment,2,4,0,0,0,1,0,9,220,https://sfbay.craigslist.org/sby/apa/d/updated-downstairs-1-1/6567631341.html
https://sfbay.craigslist.org/sby/apa/d/upgraded-1bdgreat-commute/6552948719.html,1BR , 1Ba,available apr 17,apartment,2,4,1,0,0,1,0,13,239,https://sfbay.craigslist.org/sby/apa/d/upgraded-1bdgreat-commute/6552948719.html
https://sfbay.craigslist.org/sby/apa/d/upscale-interiors-1br-apt-in/6565828979.html,1BR , 1Ba,750ft2,apartment,5,6,1,0,0,0,0,12,309,https://sfbay.craigslist.org/sby/apa/d/upscale-interiors-1br-apt-in/6565828979.html
https://sfbay.craigslist.org/sby/apa/d/upstairs-2x1-available-5-29/6561082798.html,2BR , 1Ba,851ft2,apartment,2,4,1,1,0,1,0,8,161,https://sfbay.craigslist.org/sby/apa/d/upstairs-2x1-available-5-29/6561082798.html
https://sfbay.craigslist.org/sby/apa/d/upstairs-unit-gleaming-pergo/6567609253.html,1BR , 1Ba,708ft2,apartment,2,4,0,0,0,1,0,9,176,https://sfbay.craigslist.org/sby/apa/d/upstairs-unit-gleaming-pergo/6567609253.html
https://sfbay.craigslist.org/sby/apa/d/upstairs-unit-near-los-gatos/6567586358.html,2BR , 2Ba,900ft2,apartment,0,0,0,0,0,1,0,10,179,https://sfbay.craigslist.org/sby/apa/d/upstairs-unit-near-los-gatos/6567586358.html
https://sfbay.craigslist.org/sby/apa/d/vacancy-april-29-beautiful/6557497215.html,1BR , 1Ba,316ft2,apartment,2,2,0,0,1,1,0,17,226,https://sfbay.craigslist.org/sby/apa/d/vacancy-april-29-beautiful/6557497215.html
https://sfbay.craigslist.org/sby/apa/d/vasona-netflix-lightrail-all/6567797174.html,1BR , 1Ba,700ft2,apartment,2,0,0,0,0,0,0,14,85,https://sfbay.craigslist.org/sby/apa/d/vasona-netflix-lightrail-all/6567797174.html
https://sfbay.craigslist.org/sby/apa/d/very-spacious-layout-look/6567699896.html,1BR , 1Ba,690ft2,apartment,5,4,1,1,0,1,0,11,207,https://sfbay.craigslist.org/sby/apa/d/very-spacious-layout-look/6567699896.html
https://sfbay.craigslist.org/sby/apa/d/villages-country-club-2-bd/6553410866.html,2BR , 2Ba,1370ft2,condo,5,6,0,0,0,1,0,10,212,https://sfbay.craigslist.org/sby/apa/d/villages-country-club-2-bd/6553410866.html
https://sfbay.craigslist.org/sby/apa/d/villages-golf-and-country/6553409303.html,2BR , 2Ba,1370ft2,condo,5,6,0,0,0,1,0,10,215,https://sfbay.craigslist.org/sby/apa/d/villages-golf-and-country/6553409303.html
https://sfbay.craigslist.org/sby/apa/d/vio-modern-living-high/6567587408.html,1BR , 1Ba,817ft2,apartment,5,0,1,1,0,1,0,8,270,https://sfbay.craigslist.org/sby/apa/d/vio-modern-living-high/6567587408.html
https://sfbay.craigslist.org/sby/apa/d/vio-offers-modern-living-in/6567585790.html,1BR , 1Ba,761ft2,apartment,5,0,1,1,0,1,0,9,292,https://sfbay.craigslist.org/sby/apa/d/vio-offers-modern-living-in/6567585790.html
https://sfbay.craigslist.org/sby/apa/d/vio-world-class-apartments-1/6567579393.html,1BR , 1Ba,761ft2,apartment,5,0,1,1,0,1,0,11,271,https://sfbay.craigslist.org/sby/apa/d/vio-world-class-apartments-1/6567579393.html
https://sfbay.craigslist.org/sby/apa/d/vio-world-class-apartments-2/6567591673.html,2BR , 2Ba,1166ft2,apartment,5,0,1,1,0,1,0,10,302,https://sfbay.craigslist.org/sby/apa/d/vio-world-class-apartments-2/6567591673.html
https://sfbay.craigslist.org/sby/apa/d/visit-this-summers-newest/6561005144.html,1BR , 1Ba,809ft2,apartment,5,0,1,1,0,1,0,8,280,https://sfbay.craigslist.org/sby/apa/d/visit-this-summers-newest/6561005144.html
https://sfbay.craigslist.org/sby/apa/d/waived-application-fee-99/6567698800.html,2BR , 2Ba,940ft2,apartment,0,0,0,0,0,0,0,3,178,https://sfbay.craigslist.org/sby/apa/d/waived-application-fee-99/6567698800.html
https://sfbay.craigslist.org/sby/apa/d/walk-friendly-charming-quiet/6567718321.html,1BR , 1Ba,615ft2,apartment,4,4,1,0,0,1,0,3,245,https://sfbay.craigslist.org/sby/apa/d/walk-friendly-charming-quiet/6567718321.html
https://sfbay.craigslist.org/sby/apa/d/wanna-bigger-place-try/6561455942.html,2BR , 1.5Ba,970ft2,apartment,2,4,0,0,0,0,0,20,279,https://sfbay.craigslist.org/sby/apa/d/wanna-bigger-place-try/6561455942.html
https://sfbay.craigslist.org/sby/apa/d/wanna-bigger-place-try/6564756977.html,2BR , 1.5Ba,970ft2,apartment,2,4,0,0,0,0,0,20,279,https://sfbay.craigslist.org/sby/apa/d/wanna-bigger-place-try/6564756977.html
https://sfbay.craigslist.org/sby/apa/d/want-1-month-free-rent-apt/6567772436.html,2BR , 2Ba,960ft2,apartment,5,0,1,1,0,1,0,12,325,https://sfbay.craigslist.org/sby/apa/d/want-1-month-free-rent-apt/6567772436.html
https://sfbay.craigslist.org/sby/apa/d/want-to-stay-in-beautifully/6567494276.html,2BR , 2Ba,850ft2,apartment,5,4,1,1,0,1,0,8,200,https://sfbay.craigslist.org/sby/apa/d/want-to-stay-in-beautifully/6567494276.html
https://sfbay.craigslist.org/sby/apa/d/washer-dryer-in-unit-with/6567579946.html,1BR , 1Ba,531ft2,apartment,5,0,1,1,0,1,0,19,444,https://sfbay.craigslist.org/sby/apa/d/washer-dryer-in-unit-with/6567579946.html
https://sfbay.craigslist.org/sby/apa/d/watch-the-festivities-in/6567517566.html,2BR , 2Ba,1303ft2,apartment,5,6,1,1,0,1,0,10,209,https://sfbay.craigslist.org/sby/apa/d/watch-the-festivities-in/6567517566.html
https://sfbay.craigslist.org/sby/apa/d/waterfall-view-peaceful/6567652216.html,1BR , 1Ba,711ft2,apartment,5,4,1,1,0,1,0,10,315,https://sfbay.craigslist.org/sby/apa/d/waterfall-view-peaceful/6567652216.html
https://sfbay.craigslist.org/sby/apa/d/week-special-only-six-weeks/6567551270.html,1BR , 1Ba,available apr 21,apartment,5,6,1,1,0,1,1,22,219,https://sfbay.craigslist.org/sby/apa/d/week-special-only-six-weeks/6567551270.html
https://sfbay.craigslist.org/sby/apa/d/welcome-home-to-heatherstone/6567551570.html,1BR , 1Ba,750ft2,apartment,0,0,1,1,0,1,0,7,164,https://sfbay.craigslist.org/sby/apa/d/welcome-home-to-heatherstone/6567551570.html
https://sfbay.craigslist.org/sby/apa/d/were-here-where-are-you-large/6563683386.html,2BR , 2Ba,1052ft2,apartment,5,5,1,1,0,1,0,3,131,https://sfbay.craigslist.org/sby/apa/d/were-here-where-are-you-large/6563683386.html
https://sfbay.craigslist.org/sby/apa/d/where-luxury-location/6567674109.html,1BR , 1Ba,796ft2,apartment,5,5,1,1,0,1,1,6,451,https://sfbay.craigslist.org/sby/apa/d/where-luxury-location/6567674109.html
https://sfbay.craigslist.org/sby/apa/d/will-love-our-beautiful/6567731083.html,2BR , 2Ba,1050ft2,apartment,5,4,0,0,0,1,0,17,242,https://sfbay.craigslist.org/sby/apa/d/will-love-our-beautiful/6567731083.html
https://sfbay.craigslist.org/sby/apa/d/wonderful-2b2b-near-top/6565767799.html,2BR , 2Ba,available apr 19,apartment,0,0,0,0,0,0,0,9,144,https://sfbay.craigslist.org/sby/apa/d/wonderful-2b2b-near-top/6565767799.html
https://sfbay.craigslist.org/sby/apa/d/wonderfully-renovated-home/6567639822.html,1BR , 1Ba,600ft2,apartment,5,4,1,1,1,0,0,7,230,https://sfbay.craigslist.org/sby/apa/d/wonderfully-renovated-home/6567639822.html
https://sfbay.craigslist.org/sby/apa/d/wonderfully-size-2-bedroom/6567566605.html,2BR , 2Ba,1165ft2,apartment,5,5,1,1,0,1,0,11,249,https://sfbay.craigslist.org/sby/apa/d/wonderfully-size-2-bedroom/6567566605.html
https://sfbay.craigslist.org/sby/apa/d/wood-flooring-wd-ac-ceiling/6567658131.html,2BR , 2Ba,1060ft2,apartment,5,4,0,0,0,0,0,21,100,https://sfbay.craigslist.org/sby/apa/d/wood-flooring-wd-ac-ceiling/6567658131.html
https://sfbay.craigslist.org/sby/apa/d/work-play-live-in-the-heart/6567499322.html,1BR , 1Ba,690ft2,apartment,5,0,1,1,0,1,0,13,151,https://sfbay.craigslist.org/sby/apa/d/work-play-live-in-the-heart/6567499322.html
https://sfbay.craigslist.org/sby/apa/d/your-favorite-floorplan-so/6567796615.html,2BR , 2Ba,1195ft2,apartment,5,4,0,0,0,1,0,6,240,https://sfbay.craigslist.org/sby/apa/d/your-favorite-floorplan-so/6567796615.html
https://sfbay.craigslist.org/sby/apa/d/your-home-newly-remodeledbest/6567795720.html,2BR , 2Ba,1005ft2,apartment,2,0,0,0,0,0,0,15,112,https://sfbay.craigslist.org/sby/apa/d/your-home-newly-remodeledbest/6567795720.html
https://sfbay.craigslist.org/sby/apa/d/your-new-homebest/6567457782.html,2BR , 1Ba,965ft2,apartment,0,4,0,0,0,0,0,16,108,https://sfbay.craigslist.org/sby/apa/d/your-new-homebest/6567457782.html
https://sfbay.craigslist.org/sby/apa/d/zeus-refined-1br-apartment-in/6567598875.html,1BR , 1Ba,550ft2,apartment,2,4,1,1,1,1,0,9,270,https://sfbay.craigslist.org/sby/apa/d/zeus-refined-1br-apartment-in/6567598875.html
